"authorMeta/avatar","authorMeta/bioLink","authorMeta/digg","authorMeta/fans","authorMeta/following","authorMeta/heart","authorMeta/id","authorMeta/name","authorMeta/nickName","authorMeta/privateAccount","authorMeta/roomId","authorMeta/signature","authorMeta/ttSeller","authorMeta/verified","authorMeta/video","commentCount","createTime","createTimeISO","diggCount","effectStickers/0/ID","effectStickers/0/name","effectStickers/0/stickerStats/useCount","effectStickers/1/ID","effectStickers/1/name","hashtags/0/cover","hashtags/0/id","hashtags/0/name","hashtags/0/title","hashtags/1/cover","hashtags/1/id","hashtags/1/name","hashtags/1/title","hashtags/2/cover","hashtags/2/id","hashtags/2/name","hashtags/2/title","hashtags/3/cover","hashtags/3/id","hashtags/3/name","hashtags/3/title","hashtags/4/cover","hashtags/4/id","hashtags/4/name","hashtags/4/title","hashtags/5/cover","hashtags/5/id","hashtags/5/name","hashtags/5/title","hashtags/6/cover","hashtags/6/id","hashtags/6/name","hashtags/6/title","hashtags/7/cover","hashtags/7/id","hashtags/7/name","hashtags/7/title","hashtags/8/cover","hashtags/8/id","hashtags/8/name","hashtags/8/title","hashtags/9/cover","hashtags/9/id","hashtags/9/name","hashtags/9/title","hashtags/10/cover","hashtags/10/id","hashtags/10/name","hashtags/10/title","hashtags/11/cover","hashtags/11/id","hashtags/11/name","hashtags/11/title","hashtags/12/cover","hashtags/12/id","hashtags/12/name","hashtags/12/title","hashtags/13/cover","hashtags/13/id","hashtags/13/name","hashtags/13/title","hashtags/14/cover","hashtags/14/id","hashtags/14/name","hashtags/14/title","hashtags/15/cover","hashtags/15/id","hashtags/15/name","hashtags/15/title","hashtags/16/cover","hashtags/16/id","hashtags/16/name","hashtags/16/title","id","isAd","isMuted","locationCreated","mediaUrls/0","mentions/0","musicMeta/coverMediumUrl","musicMeta/musicAlbum","musicMeta/musicAuthor","musicMeta/musicId","musicMeta/musicName","musicMeta/musicOriginal","musicMeta/playUrl","playCount","searchHashtag/name","searchHashtag/views","shareCount","text","videoMeta/coverUrl","videoMeta/definition","videoMeta/downloadAddr","videoMeta/duration","videoMeta/format","videoMeta/height","videoMeta/originalCoverUrl","videoMeta/originalDownloadAddr","videoMeta/width","webVideoUrl"
"https://p16-sign-va.tiktokcdn.com/tos-maliva-avt-0068/29d657c243f1c4b92c52508dfd04c58d~c5_720x720.jpeg?x-expires=1682186400&x-signature=W1l1PzRQBY3zHCzHKfL%2FNWVlWb0%3D",,"27100","2569","2871","55200","6992558164865958917","_sheee_gachie","smiley🦋","false","","good Vybz🥳🥳...foolloowww this shawty🥺☺️....        IG: wanjiku_all_day","false","false","206","317","1681302616","2023-04-12T12:30:16.000Z","27000","1837586","nice colors",,"3665350","Water Glow","","7161863861547728902","_sheee_gachie","","","722891","whyyoulyingchallenge","",,,,,,,,,,,,,,,,,,,,,,,,,,,,,,,,,,,,,,,,,,,,,,,,,,,,,,,,,,,,,"7221139736071523590","false","false","KE","https://v16-webapp-prime.us.tiktok.com/video/tos/useast2a/tos-useast2a-pve-0068/okO2NxoGNAIzGGkOQzIy2FAHphgkfCFW91BEuC/?a=1988&ch=0&cr=0&dr=0&lr=tiktok_m&cd=0%7C0%7C1%7C0&cv=1&br=2620&bt=1310&cs=0&ds=3&ft=_rKBMBAkq8ZmokZv6c_vjPv8sAhLrus&mime_type=video_mp4&qs=0&rc=NTM2OTdmODU6aDk5ZztlOkBpamtzdzU6ZjlkajMzNzczM0AtNWI2MDItXi8xNDUuMmAuYSMwYWVycjRnM29gLS1kMTZzcw%3D%3D&expire=1682038670&l=202304201857433A997E53EB688019CAD3&ply_type=2&policy=2&signature=93053b2ff92e9594e57c608f7416d728&tk=tt_chain_token",,"https://p16-sign-va.tiktokcdn.com/musically-maliva-obj/133d2c54788142f4180914fc50a97cbf~c5_720x720.jpeg?x-expires=1682186400&x-signature=h9pJUbodzUcXgajGKBMU2x5tGy8%3D","","@daddeysgal1","7212529228053940997","original sound","true","https://v16m.tiktokcdn-us.com/3d5f3619ede169f152e4a9819e6b56f7/6441e03c/video/tos/useast5/tos-useast5-v-27dcd7c799-tx/osfAfIjLEJcwrFcfYYMahfcKel3iGAq0ARSrxg/?a=1233&ch=0&cr=0&dr=0&er=2&cd=0%7C0%7C0%7C0&br=250&bt=125&ft=t5PLr-Inz7Ttzyafiyq8Z&mime_type=audio_mpeg&qs=6&rc=ZGZnNDpnZzY3aTo4NDQ6ZUBpM2xkazg6ZmQzajMzNzU8M0A2MzA0NTM0NjMxLmIxYy8vYSNpb25scjRfbmBgLS1kMTZzcw%3D%3D&l=202304201857433A997E53EB688019CAD3&download=true","298500","whyyoulyingchallenge","1.9M","66","They called my mum and I had to lie to my mum that they are asking me if I can teach there😭😭😭😂......#_sheee_gachie #whyyoulyingchallenge ","https://api.apify.com/v2/key-value-stores/UT3rUt0kplr20adeU/records/cover-7221139736071523590","720p","https://v16-webapp-prime.us.tiktok.com/video/tos/useast2a/tos-useast2a-pve-0068/okO2NxoGNAIzGGkOQzIy2FAHphgkfCFW91BEuC/?a=1988&ch=0&cr=0&dr=0&lr=tiktok_m&cd=0%7C0%7C1%7C0&cv=1&br=2620&bt=1310&cs=0&ds=3&ft=_rKBMBAkq8ZmokZv6c_vjPv8sAhLrus&mime_type=video_mp4&qs=0&rc=NTM2OTdmODU6aDk5ZztlOkBpamtzdzU6ZjlkajMzNzczM0AtNWI2MDItXi8xNDUuMmAuYSMwYWVycjRnM29gLS1kMTZzcw%3D%3D&expire=1682038670&l=202304201857433A997E53EB688019CAD3&ply_type=2&policy=2&signature=93053b2ff92e9594e57c608f7416d728&tk=tt_chain_token","6","mp4","1024","https://p16-sign-va.tiktokcdn.com/obj/tos-maliva-p-0068/ocfsBcbnJIF5RtkE7SvOhNiqtBKArDMmeBJaQQ?x-expires=1682035200&x-signature=Sy0zaOjBfnqYGjqwvT2s6VsHLoE%3D","https://v16-webapp-prime.us.tiktok.com/video/tos/useast2a/tos-useast2a-pve-0068/okO2NxoGNAIzGGkOQzIy2FAHphgkfCFW91BEuC/?a=1988&ch=0&cr=0&dr=0&lr=tiktok_m&cd=0%7C0%7C1%7C0&cv=1&br=2620&bt=1310&cs=0&ds=3&ft=_rKBMBAkq8ZmokZv6c_vjPv8sAhLrus&mime_type=video_mp4&qs=0&rc=NTM2OTdmODU6aDk5ZztlOkBpamtzdzU6ZjlkajMzNzczM0AtNWI2MDItXi8xNDUuMmAuYSMwYWVycjRnM29gLS1kMTZzcw%3D%3D&expire=1682038670&l=202304201857433A997E53EB688019CAD3&ply_type=2&policy=2&signature=93053b2ff92e9594e57c608f7416d728&tk=tt_chain_token","576","https://www.tiktok.com/@_sheee_gachie/video/7221139736071523590"
"https://p16-sign-va.tiktokcdn.com/tos-maliva-avt-0068/5f25a295e0f4c8927ecf5a78d0e30960~c5_720x720.jpeg?x-expires=1682186400&x-signature=gni4%2FUXpLhmqsEWBS%2BWoA%2FjksDU%3D",,"1663","101300","549","647600","7096940256533169153","francisgaitho","Francis Gaitho","false","","Like my content? Tuma Kakitu. Link in bio.","false","false","387","1308","1681084236","2023-04-09T23:50:36.000Z","13300",,,,,,"","561457","whyyoulying","","","722891","whyyoulyingchallenge","",,,,,,,,,,,,,,,,,,,,,,,,,,,,,,,,,,,,,,,,,,,,,,,,,,,,,,,,,,,,,"7220201803713875205","false","false","KE","https://v16-webapp-prime.us.tiktok.com/video/tos/useast2a/tos-useast2a-ve-0068c002/oozb04wEREfA8JYbsYIQDtnkDNe8DBN0BQZrTM/?a=1988&ch=0&cr=0&dr=0&lr=tiktok_m&cd=0%7C0%7C1%7C0&cv=1&br=1530&bt=765&cs=0&ds=3&ft=_rKBMBAkq8ZmokZv6c_vjPv8sAhLrus&mime_type=video_mp4&qs=0&rc=ZjVkPDMzaWY2Nmg5ZmY1ZkBpM3R0cmU6Zm1uajMzNzczM0A2NGFfL2M0NmExNmBgNS0yYSNjb2I0cjRfaW1gLS1kMTZzcw%3D%3D&expire=1682039264&l=202304201857433A997E53EB688019CAD3&ply_type=2&policy=2&signature=3626a2daa329a04577d1f667957fbdb2&tk=tt_chain_token",,"https://p16-sign-va.tiktokcdn.com/tos-maliva-avt-0068/5f25a295e0f4c8927ecf5a78d0e30960~c5_720x720.jpeg?x-expires=1682186400&x-signature=gni4%2FUXpLhmqsEWBS%2BWoA%2FjksDU%3D","","Francis Gaitho","7220201831858703110","original sound","true","https://v16m.tiktokcdn-us.com/3d5f3619ede169f152e4a9819e6b56f7/6441e03c/video/tos/useast5/tos-useast5-v-27dcd7c799-tx/osfAfIjLEJcwrFcfYYMahfcKel3iGAq0ARSrxg/?a=1233&ch=0&cr=0&dr=0&er=2&cd=0%7C0%7C0%7C0&br=250&bt=125&ft=t5PLr-Inz7Ttzyafiyq8Z&mime_type=audio_mpeg&qs=6&rc=ZGZnNDpnZzY3aTo4NDQ6ZUBpM2xkazg6ZmQzajMzNzU8M0A2MzA0NTM0NjMxLmIxYy8vYSNpb25scjRfbmBgLS1kMTZzcw%3D%3D&l=202304201857433A997E53EB688019CAD3&download=true","156700","whyyoulyingchallenge","1.9M","275","Have you seen the #whyyoulying #whyyoulyingchallenge in relation to Kenyan schools both the 8-4-4 and CBC curriculum? The toxic culture of Kenyan schools, headteachers, teachers and even prefects? Its inspiring to see Gen Z’s take steps to address such historical injustices.","https://api.apify.com/v2/key-value-stores/UT3rUt0kplr20adeU/records/cover-7220201803713875205","720p","https://v16-webapp-prime.us.tiktok.com/video/tos/useast2a/tos-useast2a-ve-0068c002/oozb04wEREfA8JYbsYIQDtnkDNe8DBN0BQZrTM/?a=1988&ch=0&cr=0&dr=0&lr=tiktok_m&cd=0%7C0%7C1%7C0&cv=1&br=1530&bt=765&cs=0&ds=3&ft=_rKBMBAkq8ZmokZv6c_vjPv8sAhLrus&mime_type=video_mp4&qs=0&rc=ZjVkPDMzaWY2Nmg5ZmY1ZkBpM3R0cmU6Zm1uajMzNzczM0A2NGFfL2M0NmExNmBgNS0yYSNjb2I0cjRfaW1gLS1kMTZzcw%3D%3D&expire=1682039264&l=202304201857433A997E53EB688019CAD3&ply_type=2&policy=2&signature=3626a2daa329a04577d1f667957fbdb2&tk=tt_chain_token","600","mp4","1024","https://p16-sign-va.tiktokcdn.com/obj/tos-maliva-p-0068/oEOBDrkIzD0n8BtTQNJ00bDQ8EAR0AMsxebfkE?x-expires=1682035200&x-signature=ZEzRWlvDyLpJ9oGWzacToIUjf9g%3D","https://v16-webapp-prime.us.tiktok.com/video/tos/useast2a/tos-useast2a-ve-0068c002/oozb04wEREfA8JYbsYIQDtnkDNe8DBN0BQZrTM/?a=1988&ch=0&cr=0&dr=0&lr=tiktok_m&cd=0%7C0%7C1%7C0&cv=1&br=1530&bt=765&cs=0&ds=3&ft=_rKBMBAkq8ZmokZv6c_vjPv8sAhLrus&mime_type=video_mp4&qs=0&rc=ZjVkPDMzaWY2Nmg5ZmY1ZkBpM3R0cmU6Zm1uajMzNzczM0A2NGFfL2M0NmExNmBgNS0yYSNjb2I0cjRfaW1gLS1kMTZzcw%3D%3D&expire=1682039264&l=202304201857433A997E53EB688019CAD3&ply_type=2&policy=2&signature=3626a2daa329a04577d1f667957fbdb2&tk=tt_chain_token","576","https://www.tiktok.com/@francisgaitho/video/7220201803713875205"
"https://p16-sign-va.tiktokcdn.com/tos-maliva-avt-0068/3eabd7cd131995f44373ffaf0fa4949b~c5_720x720.jpeg?x-expires=1682186400&x-signature=4pHGdg5q24URSyG7R6YcNDtYFqo%3D",,"213600","7495","473","346700","6846464332361974790","mbiiiish","Makena<3","false","","Recommend therapists🫶🏽","false","false","303","131","1681323406","2023-04-12T18:16:46.000Z","15000",,,,,,"","1700753395269634","mbiiiish","","","1697767308278786","muturaisafruit","","","1608168848407558","tiktokkenya","","","7144741408544489477","loretolimuru","","","561457","whyyoulying","","","722891","whyyoulyingchallenge","",,,,,,,,,,,,,,,,,,,,,,,,,,,,,,,,,,,,,,,,,,,,,"7221229028756311301","false","false","KE","https://v16-webapp-prime.us.tiktok.com/video/tos/useast2a/tos-useast2a-ve-0068c001/ooI2EQgxI9JGAXzyVfMSNwLAoqICQhBokp3ZA6/?a=1988&ch=0&cr=0&dr=0&lr=tiktok_m&cd=0%7C0%7C1%7C0&cv=1&br=3364&bt=1682&cs=0&ds=3&ft=_rKBMBAkq8ZmokZv6c_vjPv8sAhLrus&mime_type=video_mp4&qs=0&rc=aTs6ZWg1OGdnaGhmNmk5ZUBpM2o5ajs6ZjtpajMzNzczM0A0L2MzYTMxXjAxMGE0Ly4tYSNoZy5ecjQwXm9gLS1kMTZzcw%3D%3D&expire=1682038672&l=202304201857433A997E53EB688019CAD3&ply_type=2&policy=2&signature=a7de0a9128737c258cab1dbe476d4759&tk=tt_chain_token","@-yiona","https://p16-sign-va.tiktokcdn.com/musically-maliva-obj/7017603898504380421~c5_720x720.jpeg?x-expires=1682186400&x-signature=CCtPUfj2CgpiKmu%2FdctfHq5Z6nA%3D","","keyrenity","7175709191326190378","Were you silent _ Oprah interviews Meghan Markle","true","https://v16m.tiktokcdn-us.com/3d5f3619ede169f152e4a9819e6b56f7/6441e03c/video/tos/useast5/tos-useast5-v-27dcd7c799-tx/osfAfIjLEJcwrFcfYYMahfcKel3iGAq0ARSrxg/?a=1233&ch=0&cr=0&dr=0&er=2&cd=0%7C0%7C0%7C0&br=250&bt=125&ft=t5PLr-Inz7Ttzyafiyq8Z&mime_type=audio_mpeg&qs=6&rc=ZGZnNDpnZzY3aTo4NDQ6ZUBpM2xkazg6ZmQzajMzNzU8M0A2MzA0NTM0NjMxLmIxYy8vYSNpb25scjRfbmBgLS1kMTZzcw%3D%3D&l=202304201857433A997E53EB688019CAD3&download=true","206400","whyyoulyingchallenge","1.9M","39","@-yiona Tell the people what happened buanaa🤣🤣🤣🤣 #mbiiiish #muturaisafruit #tiktokkenya #loretolimuru #whyyoulying #whyyoulyingchallenge ","https://api.apify.com/v2/key-value-stores/UT3rUt0kplr20adeU/records/cover-7221229028756311301","720p","https://v16-webapp-prime.us.tiktok.com/video/tos/useast2a/tos-useast2a-ve-0068c001/ooI2EQgxI9JGAXzyVfMSNwLAoqICQhBokp3ZA6/?a=1988&ch=0&cr=0&dr=0&lr=tiktok_m&cd=0%7C0%7C1%7C0&cv=1&br=3364&bt=1682&cs=0&ds=3&ft=_rKBMBAkq8ZmokZv6c_vjPv8sAhLrus&mime_type=video_mp4&qs=0&rc=aTs6ZWg1OGdnaGhmNmk5ZUBpM2o5ajs6ZjtpajMzNzczM0A0L2MzYTMxXjAxMGE0Ly4tYSNoZy5ecjQwXm9gLS1kMTZzcw%3D%3D&expire=1682038672&l=202304201857433A997E53EB688019CAD3&ply_type=2&policy=2&signature=a7de0a9128737c258cab1dbe476d4759&tk=tt_chain_token","8","mp4","1024","https://p16-sign-va.tiktokcdn.com/obj/tos-maliva-p-0068/owoq1AkzyA9Iwqpfh9g3XAEVCgJ2NGwoAIIYUQ?x-expires=1682035200&x-signature=KAuljclVoxqxqckUT5C%2FjtNpi94%3D","https://v16-webapp-prime.us.tiktok.com/video/tos/useast2a/tos-useast2a-ve-0068c001/ooI2EQgxI9JGAXzyVfMSNwLAoqICQhBokp3ZA6/?a=1988&ch=0&cr=0&dr=0&lr=tiktok_m&cd=0%7C0%7C1%7C0&cv=1&br=3364&bt=1682&cs=0&ds=3&ft=_rKBMBAkq8ZmokZv6c_vjPv8sAhLrus&mime_type=video_mp4&qs=0&rc=aTs6ZWg1OGdnaGhmNmk5ZUBpM2o5ajs6ZjtpajMzNzczM0A0L2MzYTMxXjAxMGE0Ly4tYSNoZy5ecjQwXm9gLS1kMTZzcw%3D%3D&expire=1682038672&l=202304201857433A997E53EB688019CAD3&ply_type=2&policy=2&signature=a7de0a9128737c258cab1dbe476d4759&tk=tt_chain_token","576","https://www.tiktok.com/@mbiiiish/video/7221229028756311301"
"https://p16-sign-va.tiktokcdn.com/tos-maliva-avt-0068/7192411276953681925~c5_720x720.jpeg?x-expires=1682186400&x-signature=64f1BN%2FjvgfJicdPMetGBkgFHCo%3D",,"1","438","3","4476","7192411076939842565","francisgaitho7","Francis Gaitho Liberty ✊🏿","false","","Back-up account by @FrancisGaitho .","false","false","5","254","1681286247","2023-04-12T07:57:27.000Z","4048",,,,,,"","7144741408544489477","loretolimuru","","","561457","whyyoulying","","","722891","whyyoulyingchallenge","","","7008607636929118209","cbccurriculum","","","1647493022912517","844system","","","50436","moi","",,,,,,,,,,,,,,,,,,,,,,,,,,,,,,,,,,,,,,,,,,,,,"7221069429084343557","false","false","KE","https://v16-webapp-prime.us.tiktok.com/video/tos/useast2a/tos-useast2a-ve-0068c003/oIPNRHShfIy2w5eR7kD2ZJyYSfpaEGAfsQQYAF/?a=1988&ch=0&cr=0&dr=0&lr=tiktok_m&cd=0%7C0%7C1%7C0&cv=1&br=1436&bt=718&cs=0&ds=3&ft=_rKBMBAkq8ZmokZv6c_vjPv8sAhLrus&mime_type=video_mp4&qs=0&rc=NztoOmg2aWY5ODk8MztmPEBpanc8dmQ6Zng5ajMzNzczM0BgMmI1Li0zNjUxMC8tL15gYSNqc25fcjQwNG9gLS1kMTZzcw%3D%3D&expire=1682039264&l=202304201857433A997E53EB688019CAD3&ply_type=2&policy=2&signature=1dadea9a0e9e098523a99745e87426d9&tk=tt_chain_token","@francisgaitho’s","https://p16-sign-va.tiktokcdn.com/tos-maliva-avt-0068/7192411276953681925~c5_720x720.jpeg?x-expires=1682186400&x-signature=64f1BN%2FjvgfJicdPMetGBkgFHCo%3D","","Francis Gaitho Liberty ✊🏿","7221069560118774533","original sound","true","https://v16m.tiktokcdn-us.com/3d5f3619ede169f152e4a9819e6b56f7/6441e03c/video/tos/useast5/tos-useast5-v-27dcd7c799-tx/osfAfIjLEJcwrFcfYYMahfcKel3iGAq0ARSrxg/?a=1233&ch=0&cr=0&dr=0&er=2&cd=0%7C0%7C0%7C0&br=250&bt=125&ft=t5PLr-Inz7Ttzyafiyq8Z&mime_type=audio_mpeg&qs=6&rc=ZGZnNDpnZzY3aTo4NDQ6ZUBpM2xkazg6ZmQzajMzNzU8M0A2MzA0NTM0NjMxLmIxYy8vYSNpb25scjRfbmBgLS1kMTZzcw%3D%3D&l=202304201857433A997E53EB688019CAD3&download=true","117300","whyyoulyingchallenge","1.9M","219","Do you agree with TikTok’s decision to delete this video on @francisgaitho’s page after a student from #loretolimuru was compelled to delete her #whyyoulying #whyyoulyingchallenge video challenging the toxic culture prevalent in schools? Are you satisfied with the #cbccurriculum which is just an #844system in disguise? Are you happy with the rot that former president #moi inflicted in the education system? ","https://api.apify.com/v2/key-value-stores/UT3rUt0kplr20adeU/records/cover-7221069429084343557","720p","https://v16-webapp-prime.us.tiktok.com/video/tos/useast2a/tos-useast2a-ve-0068c003/oIPNRHShfIy2w5eR7kD2ZJyYSfpaEGAfsQQYAF/?a=1988&ch=0&cr=0&dr=0&lr=tiktok_m&cd=0%7C0%7C1%7C0&cv=1&br=1436&bt=718&cs=0&ds=3&ft=_rKBMBAkq8ZmokZv6c_vjPv8sAhLrus&mime_type=video_mp4&qs=0&rc=NztoOmg2aWY5ODk8MztmPEBpanc8dmQ6Zng5ajMzNzczM0BgMmI1Li0zNjUxMC8tL15gYSNqc25fcjQwNG9gLS1kMTZzcw%3D%3D&expire=1682039264&l=202304201857433A997E53EB688019CAD3&ply_type=2&policy=2&signature=1dadea9a0e9e098523a99745e87426d9&tk=tt_chain_token","600","mp4","1024","https://p16-sign-va.tiktokcdn.com/obj/tos-maliva-p-0068/oMtPsAJnkBZU9IfeDkbm7AEvEBk2bNZQmRIGA4?x-expires=1682035200&x-signature=BVFWLuUFwQx9ze2V4%2FBnn%2BhS0vk%3D","https://v16-webapp-prime.us.tiktok.com/video/tos/useast2a/tos-useast2a-ve-0068c003/oIPNRHShfIy2w5eR7kD2ZJyYSfpaEGAfsQQYAF/?a=1988&ch=0&cr=0&dr=0&lr=tiktok_m&cd=0%7C0%7C1%7C0&cv=1&br=1436&bt=718&cs=0&ds=3&ft=_rKBMBAkq8ZmokZv6c_vjPv8sAhLrus&mime_type=video_mp4&qs=0&rc=NztoOmg2aWY5ODk8MztmPEBpanc8dmQ6Zng5ajMzNzczM0BgMmI1Li0zNjUxMC8tL15gYSNqc25fcjQwNG9gLS1kMTZzcw%3D%3D&expire=1682039264&l=202304201857433A997E53EB688019CAD3&ply_type=2&policy=2&signature=1dadea9a0e9e098523a99745e87426d9&tk=tt_chain_token","576","https://www.tiktok.com/@francisgaitho7/video/7221069429084343557"
"https://p16-sign-va.tiktokcdn.com/tos-maliva-avt-0068/8c7bb495940eba0975c9511524dbb402~c5_720x720.jpeg?x-expires=1682186400&x-signature=8zTqopGLZkkLtNkvm5N6Sxuv6MI%3D",,"1179","252","13","7399","7152839967483069441","ilovesmellytoes_","ilovesmellytoes","false","","Tf you looking at
The content you see here is just banter and for laughs
I troll","false","false","2","586","1681032596","2023-04-09T09:29:56.000Z","3886",,,,,,"","722891","whyyoulyingchallenge","","","20079","highschool","","","229207","fyp","",,,,,,,,,,,,,,,,,,,,,,,,,,,,,,,,,,,,,,,,,,,,,,,,,,,,,,,,,"7219979996532706565","false","false","KE","https://v16-webapp-prime.us.tiktok.com/video/tos/useast2a/tos-useast2a-pve-0068/okggKZzmfJJwGhyZwIpjAAWCRMdIEkONoyUZGh/?a=1988&ch=0&cr=0&dr=0&lr=tiktok_m&cd=0%7C0%7C1%7C0&cv=1&br=968&bt=484&cs=0&ds=3&ft=_rKBMBAkq8ZmokZv6c_vjPv8sAhLrus&mime_type=video_mp4&qs=0&rc=ODw6OTVkNTc2OzZoNjM3NEBpajxvcGY6ZnI7ajMzNzczM0BfLjE2YDNiXjMxNTReLTJgYSNlYF81cjQwXm1gLS1kMTZzcw%3D%3D&expire=1682038678&l=202304201857433A997E53EB688019CAD3&ply_type=2&policy=2&signature=946723cf10b9625b610e630a68963592&tk=tt_chain_token",,"https://p16-sign-va.tiktokcdn.com/tos-maliva-avt-0068/8c7bb495940eba0975c9511524dbb402~c5_720x720.jpeg?x-expires=1682186400&x-signature=8zTqopGLZkkLtNkvm5N6Sxuv6MI%3D","","ilovesmellytoes","7219979983119305477","original sound","true","https://v16m.tiktokcdn-us.com/3d5f3619ede169f152e4a9819e6b56f7/6441e03c/video/tos/useast5/tos-useast5-v-27dcd7c799-tx/osfAfIjLEJcwrFcfYYMahfcKel3iGAq0ARSrxg/?a=1233&ch=0&cr=0&dr=0&er=2&cd=0%7C0%7C0%7C0&br=250&bt=125&ft=t5PLr-Inz7Ttzyafiyq8Z&mime_type=audio_mpeg&qs=6&rc=ZGZnNDpnZzY3aTo4NDQ6ZUBpM2xkazg6ZmQzajMzNzU8M0A2MzA0NTM0NjMxLmIxYy8vYSNpb25scjRfbmBgLS1kMTZzcw%3D%3D&l=202304201857433A997E53EB688019CAD3&download=true","86300","whyyoulyingchallenge","1.9M","196","PT2 Some of the teachers and stuff who traumatised students in Wamy#whyyoulyingchallenge #highschool #fyp ","https://api.apify.com/v2/key-value-stores/UT3rUt0kplr20adeU/records/cover-7219979996532706565","720p","https://v16-webapp-prime.us.tiktok.com/video/tos/useast2a/tos-useast2a-pve-0068/okggKZzmfJJwGhyZwIpjAAWCRMdIEkONoyUZGh/?a=1988&ch=0&cr=0&dr=0&lr=tiktok_m&cd=0%7C0%7C1%7C0&cv=1&br=968&bt=484&cs=0&ds=3&ft=_rKBMBAkq8ZmokZv6c_vjPv8sAhLrus&mime_type=video_mp4&qs=0&rc=ODw6OTVkNTc2OzZoNjM3NEBpajxvcGY6ZnI7ajMzNzczM0BfLjE2YDNiXjMxNTReLTJgYSNlYF81cjQwXm1gLS1kMTZzcw%3D%3D&expire=1682038678&l=202304201857433A997E53EB688019CAD3&ply_type=2&policy=2&signature=946723cf10b9625b610e630a68963592&tk=tt_chain_token","14","mp4","1024","https://p16-sign-va.tiktokcdn.com/obj/tos-maliva-p-0068/o4kIzhodERyBWLCZIAyJJkfgZGj8hgNUMbAPKw?x-expires=1682035200&x-signature=lZoHNHFOMB5ZuuZl39ZvINanQGM%3D","https://v16-webapp-prime.us.tiktok.com/video/tos/useast2a/tos-useast2a-pve-0068/okggKZzmfJJwGhyZwIpjAAWCRMdIEkONoyUZGh/?a=1988&ch=0&cr=0&dr=0&lr=tiktok_m&cd=0%7C0%7C1%7C0&cv=1&br=968&bt=484&cs=0&ds=3&ft=_rKBMBAkq8ZmokZv6c_vjPv8sAhLrus&mime_type=video_mp4&qs=0&rc=ODw6OTVkNTc2OzZoNjM3NEBpajxvcGY6ZnI7ajMzNzczM0BfLjE2YDNiXjMxNTReLTJgYSNlYF81cjQwXm1gLS1kMTZzcw%3D%3D&expire=1682038678&l=202304201857433A997E53EB688019CAD3&ply_type=2&policy=2&signature=946723cf10b9625b610e630a68963592&tk=tt_chain_token","576","https://www.tiktok.com/@ilovesmellytoes_/video/7219979996532706565"
"https://p16-sign-va.tiktokcdn.com/tos-maliva-avt-0068/e6596376340dd67a28917b837753eabe~c5_720x720.jpeg?x-expires=1682186400&x-signature=s%2BInrQQ53t0%2FH78X3h%2F8st114zI%3D",,"4032","3707","947","15000","6935525435481605126","lady_marichu","Rebel Heart 🥷","false","","🇰🇪
Subscribe to my YouTube ☝️(Lady Marichu ) IG @lady_marichu","false","false","276","292","1681305711","2023-04-12T13:21:51.000Z","8038",,,,,,"","1663935709411330","capcut","CapCut is a new, easy-to-use video editing tool designed for mobile platforms. CapCut provides users with a wide range of video editing functions, filters, audio &amp; visual effects, video templates, while keeping it free of charge and ads-free. Everyone can be a creator by using CapCut.  

Start creating your cool videos today: 
https://capcut.onelink.me/XKqI/228cad85","","722891","whyyoulyingchallenge","","","1638229263636485","kenyanhighschools","","","7130228580763566086","bishopgatimungandugirls","","","7221152920153096198","toxichighschoolexperience","",,,,,,,,,,,,,,,,,,,,,,,,,,,,,,,,,,,,,,,,,,,,,,,,,"7221153030765382917","false","false","KE","https://v16-webapp-prime.us.tiktok.com/video/tos/useast2a/tos-useast2a-ve-0068c003/oIGp7jjtRkhk0JBdBLz2pefqsH4NQAIIYQsuEE/?a=1988&ch=0&cr=0&dr=0&lr=tiktok_m&cd=0%7C0%7C1%7C0&cv=1&br=454&bt=227&cs=0&ds=3&ft=_rKBMBAkq8ZmokZv6c_vjPv8sAhLrus&mime_type=video_mp4&qs=0&rc=ZDc1ODszOGZpZDxlaTxkaUBpajxoaDs6ZmtkajMzNzczM0BhLzFeMS9jNjExYDAzLWNhYSNlZ21gcjRvcm9gLS1kMTZzcw%3D%3D&expire=1682038679&l=202304201857433A997E53EB688019CAD3&ply_type=2&policy=2&signature=f00481837920d5cee1e9c9eb6e9dd51a&tk=tt_chain_token",,"https://p16-sign-va.tiktokcdn.com/tos-maliva-avt-0068/a221854d32f9cace56be82f09aa2b8da~c5_720x720.jpeg?x-expires=1682186400&x-signature=2UGtSGFexLNHxk3A7DJJdj50Dc4%3D","","OfficialoSHAMØ","7203755811225553670","Why you lying by oshamo..Out now","true","https://v16m.tiktokcdn-us.com/3d5f3619ede169f152e4a9819e6b56f7/6441e03c/video/tos/useast5/tos-useast5-v-27dcd7c799-tx/osfAfIjLEJcwrFcfYYMahfcKel3iGAq0ARSrxg/?a=1233&ch=0&cr=0&dr=0&er=2&cd=0%7C0%7C0%7C0&br=250&bt=125&ft=t5PLr-Inz7Ttzyafiyq8Z&mime_type=audio_mpeg&qs=6&rc=ZGZnNDpnZzY3aTo4NDQ6ZUBpM2xkazg6ZmQzajMzNzU8M0A2MzA0NTM0NjMxLmIxYy8vYSNpb25scjRfbmBgLS1kMTZzcw%3D%3D&l=202304201857433A997E53EB688019CAD3&download=true","264300","whyyoulyingchallenge","1.9M","209","Sometimes I wish I never went there 💀#CapCut #whyyoulyingchallenge #kenyanhighschools#bishopgatimungandugirls #toxichighschoolexperience ","https://api.apify.com/v2/key-value-stores/UT3rUt0kplr20adeU/records/cover-7221153030765382917","720p","https://v16-webapp-prime.us.tiktok.com/video/tos/useast2a/tos-useast2a-ve-0068c003/oIGp7jjtRkhk0JBdBLz2pefqsH4NQAIIYQsuEE/?a=1988&ch=0&cr=0&dr=0&lr=tiktok_m&cd=0%7C0%7C1%7C0&cv=1&br=454&bt=227&cs=0&ds=3&ft=_rKBMBAkq8ZmokZv6c_vjPv8sAhLrus&mime_type=video_mp4&qs=0&rc=ZDc1ODszOGZpZDxlaTxkaUBpajxoaDs6ZmtkajMzNzczM0BhLzFeMS9jNjExYDAzLWNhYSNlZ21gcjRvcm9gLS1kMTZzcw%3D%3D&expire=1682038679&l=202304201857433A997E53EB688019CAD3&ply_type=2&policy=2&signature=f00481837920d5cee1e9c9eb6e9dd51a&tk=tt_chain_token","15","mp4","1024","https://p16-sign-va.tiktokcdn.com/obj/tos-maliva-p-0068/oYp2RqjJkEJ2EFBIsBNfjEehILzAY5ApjQtRG7?x-expires=1682035200&x-signature=PDIeLJF3Dvf8b2kpT5ktncWglsA%3D","https://v16-webapp-prime.us.tiktok.com/video/tos/useast2a/tos-useast2a-ve-0068c003/oIGp7jjtRkhk0JBdBLz2pefqsH4NQAIIYQsuEE/?a=1988&ch=0&cr=0&dr=0&lr=tiktok_m&cd=0%7C0%7C1%7C0&cv=1&br=454&bt=227&cs=0&ds=3&ft=_rKBMBAkq8ZmokZv6c_vjPv8sAhLrus&mime_type=video_mp4&qs=0&rc=ZDc1ODszOGZpZDxlaTxkaUBpajxoaDs6ZmtkajMzNzczM0BhLzFeMS9jNjExYDAzLWNhYSNlZ21gcjRvcm9gLS1kMTZzcw%3D%3D&expire=1682038679&l=202304201857433A997E53EB688019CAD3&ply_type=2&policy=2&signature=f00481837920d5cee1e9c9eb6e9dd51a&tk=tt_chain_token","576","https://www.tiktok.com/@lady_marichu/video/7221153030765382917"
"https://p16-sign-va.tiktokcdn.com/tos-maliva-avt-0068/5f25a295e0f4c8927ecf5a78d0e30960~c5_720x720.jpeg?x-expires=1682186400&x-signature=gni4%2FUXpLhmqsEWBS%2BWoA%2FjksDU%3D",,"1663","101300","549","647600","7096940256533169153","francisgaitho","Francis Gaitho","false","","Like my content? Tuma Kakitu. Link in bio.","false","false","387","170","1681377394","2023-04-13T09:16:34.000Z","3712",,,,,,"","7144741408544489477","loretolimuru","","","45685574","yiona","","","561457","whyyoulying","","","722891","whyyoulyingchallenge","","","1654712594642950","kenyanhighschool","",,,,,,,,,,,,,,,,,,,,,,,,,,,,,,,,,,,,,,,,,,,,,,,,,"7221460900455238918","false","false","KE","https://v16-webapp-prime.us.tiktok.com/video/tos/useast2a/tos-useast2a-pve-0068/o4yEQhOQRNKIkAyN34gNIeLIAmZzEBf9JT9Bp5/?a=1988&ch=0&cr=0&dr=0&lr=tiktok_m&cd=0%7C0%7C1%7C0&cv=1&br=1388&bt=694&cs=0&ds=3&ft=_rKBMBAkq8ZmokZv6c_vjPv8sAhLrus&mime_type=video_mp4&qs=0&rc=Z2llOzg0NjU3ZztnaWdkZUBpMzllamg6Znh2ajMzNzczM0AvXy9fYjY0XzUxX2JeNjFhYSNkZy42cjRnYW9gLS1kMTZzcw%3D%3D&expire=1682039264&l=202304201857433A997E53EB688019CAD3&ply_type=2&policy=2&signature=cfc79489bfdcb046f3ce592f5aa570d5&tk=tt_chain_token",,"https://p16-sign-va.tiktokcdn.com/tos-maliva-avt-0068/5f25a295e0f4c8927ecf5a78d0e30960~c5_720x720.jpeg?x-expires=1682186400&x-signature=gni4%2FUXpLhmqsEWBS%2BWoA%2FjksDU%3D","","Francis Gaitho","7221461032810728197","original sound","true","https://v16m.tiktokcdn-us.com/3d5f3619ede169f152e4a9819e6b56f7/6441e03c/video/tos/useast5/tos-useast5-v-27dcd7c799-tx/osfAfIjLEJcwrFcfYYMahfcKel3iGAq0ARSrxg/?a=1233&ch=0&cr=0&dr=0&er=2&cd=0%7C0%7C0%7C0&br=250&bt=125&ft=t5PLr-Inz7Ttzyafiyq8Z&mime_type=audio_mpeg&qs=6&rc=ZGZnNDpnZzY3aTo4NDQ6ZUBpM2xkazg6ZmQzajMzNzU8M0A2MzA0NTM0NjMxLmIxYy8vYSNpb25scjRfbmBgLS1kMTZzcw%3D%3D&l=202304201857433A997E53EB688019CAD3&download=true","93600","whyyoulyingchallenge","1.9M","29","The video of #loretolimuru student #yiona  deleting her #whyyoulying #whyyoulyingchallenge #kenyanhighschool video deleted for a second time. It seems its unsettling nerves but we shall address the matter in the language they want. ","https://api.apify.com/v2/key-value-stores/UT3rUt0kplr20adeU/records/cover-7221460900455238918","720p","https://v16-webapp-prime.us.tiktok.com/video/tos/useast2a/tos-useast2a-pve-0068/o4yEQhOQRNKIkAyN34gNIeLIAmZzEBf9JT9Bp5/?a=1988&ch=0&cr=0&dr=0&lr=tiktok_m&cd=0%7C0%7C1%7C0&cv=1&br=1388&bt=694&cs=0&ds=3&ft=_rKBMBAkq8ZmokZv6c_vjPv8sAhLrus&mime_type=video_mp4&qs=0&rc=Z2llOzg0NjU3ZztnaWdkZUBpMzllamg6Znh2ajMzNzczM0AvXy9fYjY0XzUxX2JeNjFhYSNkZy42cjRnYW9gLS1kMTZzcw%3D%3D&expire=1682039264&l=202304201857433A997E53EB688019CAD3&ply_type=2&policy=2&signature=cfc79489bfdcb046f3ce592f5aa570d5&tk=tt_chain_token","600","mp4","1024","https://p16-sign-va.tiktokcdn.com/obj/tos-maliva-p-0068/oAigmChIEBQk91NNAyfJ3iM5gHNKHEATzBeRAO?x-expires=1682035200&x-signature=P2lBUEFqpE6F%2B3H9zzlK5vfzQBg%3D","https://v16-webapp-prime.us.tiktok.com/video/tos/useast2a/tos-useast2a-pve-0068/o4yEQhOQRNKIkAyN34gNIeLIAmZzEBf9JT9Bp5/?a=1988&ch=0&cr=0&dr=0&lr=tiktok_m&cd=0%7C0%7C1%7C0&cv=1&br=1388&bt=694&cs=0&ds=3&ft=_rKBMBAkq8ZmokZv6c_vjPv8sAhLrus&mime_type=video_mp4&qs=0&rc=Z2llOzg0NjU3ZztnaWdkZUBpMzllamg6Znh2ajMzNzczM0AvXy9fYjY0XzUxX2JeNjFhYSNkZy42cjRnYW9gLS1kMTZzcw%3D%3D&expire=1682039264&l=202304201857433A997E53EB688019CAD3&ply_type=2&policy=2&signature=cfc79489bfdcb046f3ce592f5aa570d5&tk=tt_chain_token","576","https://www.tiktok.com/@francisgaitho/video/7221460900455238918"
"https://p16-sign-va.tiktokcdn.com/tos-maliva-avt-0068/a221854d32f9cace56be82f09aa2b8da~c5_720x720.jpeg?x-expires=1682186400&x-signature=2UGtSGFexLNHxk3A7DJJdj50Dc4%3D",,"32200","141700","616","5100000","6839039920801039366","oshamo.larey","OfficialoSHAMØ","false","","🇬🇧🇳🇬
Artist
📧:Shamoslick03@gmail.com
‘WHY YOU LYING’ OUT NOW!💜🖤 
🔗👇🏽","false","false","224","162","1681909195","2023-04-19T12:59:55.000Z","3306",,,,,,"","7046155959726505989","lareylawal","","","722891","whyyoulyingchallenge","",,,,,,,,,,,,,,,,,,,,,,,,,,,,,,,,,,,,,,,,,,,,,,,,,,,,,,,,,,,,,"7223744956232469787","false","false","GB","https://v16-webapp-prime.us.tiktok.com/video/tos/useast2a/tos-useast2a-pve-0037-aiso/oIUqfA5Ue8gsPDIQJf8bNEAba8dQRiQfGEn2RI/?a=1988&ch=0&cr=0&dr=0&lr=tiktok_m&cd=0%7C0%7C1%7C0&cv=1&br=1022&bt=511&cs=0&ds=3&ft=_rKBMBAkq8ZmokZv6c_vjPv8sAhLrus&mime_type=video_mp4&qs=0&rc=aTQ1ZDs1OTVpNGc7Nmc1O0Bpamd5dGc6Zmx4ajMzZjczM0AuXmFjMC0wXjAxXl80XjQxYSM1bWRrcjQwNXNgLS1kMWNzcw%3D%3D&expire=1682038698&l=202304201857433A997E53EB688019CAD3&ply_type=2&policy=2&signature=5a14f4dd889058fa1292393c9f1dc538&tk=tt_chain_token",,"https://p16-sign-va.tiktokcdn.com/tos-maliva-avt-0068/a221854d32f9cace56be82f09aa2b8da~c5_720x720.jpeg?x-expires=1682186400&x-signature=2UGtSGFexLNHxk3A7DJJdj50Dc4%3D","","OfficialoSHAMØ","7203755811225553670","Why you lying by oshamo..Out now","true","https://v16m.tiktokcdn-us.com/3d5f3619ede169f152e4a9819e6b56f7/6441e03c/video/tos/useast5/tos-useast5-v-27dcd7c799-tx/osfAfIjLEJcwrFcfYYMahfcKel3iGAq0ARSrxg/?a=1233&ch=0&cr=0&dr=0&er=2&cd=0%7C0%7C0%7C0&br=250&bt=125&ft=t5PLr-Inz7Ttzyafiyq8Z&mime_type=audio_mpeg&qs=6&rc=ZGZnNDpnZzY3aTo4NDQ6ZUBpM2xkazg6ZmQzajMzNzU8M0A2MzA0NTM0NjMxLmIxYy8vYSNpb25scjRfbmBgLS1kMTZzcw%3D%3D&l=202304201857433A997E53EB688019CAD3&download=true","14000","whyyoulyingchallenge","1.9M","2","Thanks🥲! It keeps going uppppp💜💜 kindly subscribe to my youtube to be the first to see the music video🥹🥹💜💜💜 letss gooo #lareylawal #whyyoulyingchallenge ","https://api.apify.com/v2/key-value-stores/UT3rUt0kplr20adeU/records/cover-7223744956232469787","720p","https://v16-webapp-prime.us.tiktok.com/video/tos/useast2a/tos-useast2a-pve-0037-aiso/oIUqfA5Ue8gsPDIQJf8bNEAba8dQRiQfGEn2RI/?a=1988&ch=0&cr=0&dr=0&lr=tiktok_m&cd=0%7C0%7C1%7C0&cv=1&br=1022&bt=511&cs=0&ds=3&ft=_rKBMBAkq8ZmokZv6c_vjPv8sAhLrus&mime_type=video_mp4&qs=0&rc=aTQ1ZDs1OTVpNGc7Nmc1O0Bpamd5dGc6Zmx4ajMzZjczM0AuXmFjMC0wXjAxXl80XjQxYSM1bWRrcjQwNXNgLS1kMWNzcw%3D%3D&expire=1682038698&l=202304201857433A997E53EB688019CAD3&ply_type=2&policy=2&signature=5a14f4dd889058fa1292393c9f1dc538&tk=tt_chain_token","34","mp4","1024","https://p16-sign-va.tiktokcdn.com/obj/tos-useast2a-p-0037-aiso/okQjQf1RAPHXyAQMEyeE255tiN8zQgQ9G8ffQF?x-expires=1682035200&x-signature=TQ964wYPG2V8udzTZXwQIklfPeY%3D","https://v16-webapp-prime.us.tiktok.com/video/tos/useast2a/tos-useast2a-pve-0037-aiso/oIUqfA5Ue8gsPDIQJf8bNEAba8dQRiQfGEn2RI/?a=1988&ch=0&cr=0&dr=0&lr=tiktok_m&cd=0%7C0%7C1%7C0&cv=1&br=1022&bt=511&cs=0&ds=3&ft=_rKBMBAkq8ZmokZv6c_vjPv8sAhLrus&mime_type=video_mp4&qs=0&rc=aTQ1ZDs1OTVpNGc7Nmc1O0Bpamd5dGc6Zmx4ajMzZjczM0AuXmFjMC0wXjAxXl80XjQxYSM1bWRrcjQwNXNgLS1kMWNzcw%3D%3D&expire=1682038698&l=202304201857433A997E53EB688019CAD3&ply_type=2&policy=2&signature=5a14f4dd889058fa1292393c9f1dc538&tk=tt_chain_token","576","https://www.tiktok.com/@oshamo.larey/video/7223744956232469787"
"https://p16-sign-va.tiktokcdn.com/tos-maliva-avt-0068/edf012aec1fb53f4cfdf90d09434bc02~c5_720x720.jpeg?x-expires=1682186400&x-signature=dkbn3lxzAayQBNN2dJyzMQaesFY%3D",,"90","138","19","4483","7019367414971122689","__fieldmarshall__","FieldMarshall","false","","","false","false","4","256","1681463386","2023-04-14T09:09:46.000Z","2747",,,,,,"","7098269918423941126","kangaschool","","","72381","trends","","","722891","whyyoulyingchallenge","","","1621766290984102","schoolexposed","",,,,,,,,,,,,,,,,,,,,,,,,,,,,,,,,,,,,,,,,,,,,,,,,,,,,,"7221830237296823558","false","false","KE",,,"https://p16-sign-va.tiktokcdn.com/tos-maliva-avt-0068/a221854d32f9cace56be82f09aa2b8da~c5_720x720.jpeg?x-expires=1682186400&x-signature=2UGtSGFexLNHxk3A7DJJdj50Dc4%3D","","OfficialoSHAMØ","7203755811225553670","Why you lying by oshamo..Out now","true","https://v16m.tiktokcdn-us.com/3d5f3619ede169f152e4a9819e6b56f7/6441e03c/video/tos/useast5/tos-useast5-v-27dcd7c799-tx/osfAfIjLEJcwrFcfYYMahfcKel3iGAq0ARSrxg/?a=1233&ch=0&cr=0&dr=0&er=2&cd=0%7C0%7C0%7C0&br=250&bt=125&ft=t5PLr-Inz7Ttzyafiyq8Z&mime_type=audio_mpeg&qs=6&rc=ZGZnNDpnZzY3aTo4NDQ6ZUBpM2xkazg6ZmQzajMzNzU8M0A2MzA0NTM0NjMxLmIxYy8vYSNpb25scjRfbmBgLS1kMTZzcw%3D%3D&l=202304201857433A997E53EB688019CAD3&download=true","64400","whyyoulyingchallenge","1.9M","93","Sijasahau Elo.. being so engraved in homosexuality as if he was jelous about not being part of them... na watchy princi I hope we ni security of defence😂 at the moment....#kangaschool#trends#whyyoulyingchallenge#schoolexposed ","https://api.apify.com/v2/key-value-stores/UT3rUt0kplr20adeU/records/cover-7221830237296823558",,"","0",,"0","https://p16-sign-va.tiktokcdn.com/tos-maliva-i-photomode-us/368f1c926197479780b96c89f250e633~tplv-photomode-image.jpeg?x-expires=1682035200&x-signature=y%2FC4vTblacHl7XMEgrEc4aj0tuI%3D","","0","https://www.tiktok.com/@__fieldmarshall__/video/7221830237296823558"
"https://p16-sign-va.tiktokcdn.com/tos-maliva-avt-0068/4142a9e3af4c7f582549c5720b06566c~c5_720x720.jpeg?x-expires=1682186400&x-signature=qkC7BopfO73Yx5fjvMjaVtfS%2B0I%3D",,"15700","575","184","6242","7115357243595817986","gigiwanjiru1","Gigi Wanjiru","false","","Public journal of sorts💭you're welcome to stay❤️","false","false","18","85","1681133985","2023-04-10T13:39:45.000Z","2712","9306990","CVNT",,,,"","1675118390428673","kenyahighschoollife","","","1642938121088006","highschoolkenya","","","67965187","highschoolstories","","","1637342470396934","fypシ","","","67965187","highschoolstories","","","20884","viral","","","1663312623015942","kenyantiktok🇰🇪","","","1615843022391302","kenyantiktok","","","722891","whyyoulyingchallenge","","","1649139584636934","fyppppppppppppppppppppppp","","","229207","fyp","","","1692423698414594","tukostories","","","24307745","tuko","",,,,,,,,,,,,,,,,,"7220415464806108422","false","false","KE","https://v16-webapp-prime.us.tiktok.com/video/tos/useast2a/tos-useast2a-ve-0068c003/owoPhhgTygQzEUVCAzAFg3hGfQiIkENIbCUm0A/?a=1988&ch=0&cr=0&dr=0&lr=tiktok_m&cd=0%7C0%7C1%7C0&cv=1&br=1388&bt=694&cs=0&ds=3&ft=_rKBMBAkq8ZmokZv6c_vjPv8sAhLrus&mime_type=video_mp4&qs=0&rc=PDdlaGc2ZTM7aDQ6PGg8NkBpM25oODU6ZmQ0ajMzNzczM0A1MzBiNTIxNjAxMzItLzVhYSMtLy9ncjRnL25gLS1kMTZzcw%3D%3D&expire=1682038844&l=202304201857433A997E53EB688019CAD3&ply_type=2&policy=2&signature=23bab033650d06e775b73de5eda007d3&tk=tt_chain_token",,"https://p16-sg.tiktokcdn.com/aweme/200x200/tos-alisg-v-2774/e430dcfbcd2543d99a1558613c8f4ade.jpeg","WHY YOU LYING - SPED UP","oSHAMO","7213002700542347265","WHY YOU LYING - SPED UP","false","https://sf16-ies-music-sg.tiktokcdn.com/obj/tos-alisg-ve-2774/ooFPYTwD3hkEZ18yBDOiU9IZtqW8QAAoVzJsDf","66100","whyyoulyingchallenge","1.9M","12","High-school story part 2 #kenyahighschoollife #highschoolkenya #highschoolstories #fypシ #highschoolstories #viral #kenyantiktok🇰🇪 #kenyantiktok #whyyoulyingchallenge #fyppppppppppppppppppppppp #fyp #tukostories #TUKO ","https://api.apify.com/v2/key-value-stores/UT3rUt0kplr20adeU/records/cover-7220415464806108422","720p","https://v16-webapp-prime.us.tiktok.com/video/tos/useast2a/tos-useast2a-ve-0068c003/owoPhhgTygQzEUVCAzAFg3hGfQiIkENIbCUm0A/?a=1988&ch=0&cr=0&dr=0&lr=tiktok_m&cd=0%7C0%7C1%7C0&cv=1&br=1388&bt=694&cs=0&ds=3&ft=_rKBMBAkq8ZmokZv6c_vjPv8sAhLrus&mime_type=video_mp4&qs=0&rc=PDdlaGc2ZTM7aDQ6PGg8NkBpM25oODU6ZmQ0ajMzNzczM0A1MzBiNTIxNjAxMzItLzVhYSMtLy9ncjRnL25gLS1kMTZzcw%3D%3D&expire=1682038844&l=202304201857433A997E53EB688019CAD3&ply_type=2&policy=2&signature=23bab033650d06e775b73de5eda007d3&tk=tt_chain_token","180","mp4","1024","https://p16-sign-va.tiktokcdn.com/obj/tos-maliva-p-0068/oIEnFqIQJfAeADBIJCRoFNboiEngBBuQCA0kMo?x-expires=1682035200&x-signature=ngSebVbhs3krYqKRZrTZ7pIQbnM%3D","https://v16-webapp-prime.us.tiktok.com/video/tos/useast2a/tos-useast2a-ve-0068c003/owoPhhgTygQzEUVCAzAFg3hGfQiIkENIbCUm0A/?a=1988&ch=0&cr=0&dr=0&lr=tiktok_m&cd=0%7C0%7C1%7C0&cv=1&br=1388&bt=694&cs=0&ds=3&ft=_rKBMBAkq8ZmokZv6c_vjPv8sAhLrus&mime_type=video_mp4&qs=0&rc=PDdlaGc2ZTM7aDQ6PGg8NkBpM25oODU6ZmQ0ajMzNzczM0A1MzBiNTIxNjAxMzItLzVhYSMtLy9ncjRnL25gLS1kMTZzcw%3D%3D&expire=1682038844&l=202304201857433A997E53EB688019CAD3&ply_type=2&policy=2&signature=23bab033650d06e775b73de5eda007d3&tk=tt_chain_token","576","https://www.tiktok.com/@gigiwanjiru1/video/7220415464806108422"
"https://p16-sign-va.tiktokcdn.com/tos-maliva-avt-0068/a9c454d194898907bedc13f9fdf2013d~c5_720x720.jpeg?x-expires=1682186400&x-signature=%2FcT6h45dpPVSxq%2FdGTu4DU9QRa8%3D",,"61500","1507","483","27800","7017750627522659330","tracy_louizer","baby_loui05","false","","I love me😩😘
Here for fun😂
Plz don't spam like my videos😂","false","false","289","199","1680776355","2023-04-06T10:19:15.000Z","1919",,,,,,"","7096501017323241477","tracy_louizer","","","1608168848407558","tiktokkenya","","https://p16-sg.tiktokcdn.com/obj/tiktok-obj/14395673ac767c75a2f846113229ea95.png","1652484531221509","xyzbca","Asla bir sonraki hamleni bilmelerine izin verme! 👀","","1683867056246786","highschoolmoments🤣🤣🤣","","","7115677469692624902","buteregirlshighschool","","","32864416","fyyyyyy","","","722891","whyyoulyingchallenge","",,,,,,,,,,,,,,,,,,,,,,,,,,,,,,,,,,,,,,,,,"7218879456549604613","false","false","KE","https://v16-webapp-prime.us.tiktok.com/video/tos/useast2a/tos-useast2a-ve-0068c003/oI5VdAAemkZYfHIQRu52FEAifOzteaQFGpPQRW/?a=1988&ch=0&cr=0&dr=0&lr=tiktok_m&cd=0%7C0%7C1%7C0&cv=1&br=696&bt=348&cs=0&ds=3&ft=_rKBMBAkq8ZmokZv6c_vjPv8sAhLrus&mime_type=video_mp4&qs=0&rc=OWlnOjdoOWk8ZzVoOjVkNUBpaml5ZWQ6Zmw8ajMzNzczM0BeXzYyXjEwNV8xNl9fNGItYSNqLW0tcjRva2tgLS1kMTZzcw%3D%3D&expire=1682038682&l=202304201857433A997E53EB688019CAD3&ply_type=2&policy=2&signature=75162d90a73646303be3b9800b4e0b0b&tk=tt_chain_token",,"https://p16-sg.tiktokcdn.com/aweme/200x200/tos-alisg-v-2774/e430dcfbcd2543d99a1558613c8f4ade.jpeg","WHY YOU LYING - SPED UP","oSHAMO","7213002700542347265","WHY YOU LYING - SPED UP","false","https://sf16-ies-music-sg.tiktokcdn.com/obj/tos-alisg-ve-2774/ooFPYTwD3hkEZ18yBDOiU9IZtqW8QAAoVzJsDf","59100","whyyoulyingchallenge","1.9M","14","watu wa my school mnaniangusha😂😭..ebu mchangamke😂😂 nimeenda kutafuta courage kwanza😂🥲#tracy_louizer #tiktokkenya #xyzbca #highschoolmoments🤣🤣🤣 #buteregirlshighschool #fyyyyyy #whyyoulyingchallenge ","https://api.apify.com/v2/key-value-stores/UT3rUt0kplr20adeU/records/cover-7218879456549604613","720p","https://v16-webapp-prime.us.tiktok.com/video/tos/useast2a/tos-useast2a-ve-0068c003/oI5VdAAemkZYfHIQRu52FEAifOzteaQFGpPQRW/?a=1988&ch=0&cr=0&dr=0&lr=tiktok_m&cd=0%7C0%7C1%7C0&cv=1&br=696&bt=348&cs=0&ds=3&ft=_rKBMBAkq8ZmokZv6c_vjPv8sAhLrus&mime_type=video_mp4&qs=0&rc=OWlnOjdoOWk8ZzVoOjVkNUBpaml5ZWQ6Zmw8ajMzNzczM0BeXzYyXjEwNV8xNl9fNGItYSNqLW0tcjRva2tgLS1kMTZzcw%3D%3D&expire=1682038682&l=202304201857433A997E53EB688019CAD3&ply_type=2&policy=2&signature=75162d90a73646303be3b9800b4e0b0b&tk=tt_chain_token","18","mp4","1024","https://p16-sign-va.tiktokcdn.com/obj/tos-maliva-p-0068/o0hceOBUhLgiIZdJ9dJfYKoM5bAyEeNAffThAz?x-expires=1682035200&x-signature=Vp47Mxp6ycb2JhpFF5b3U9xGHQI%3D","https://v16-webapp-prime.us.tiktok.com/video/tos/useast2a/tos-useast2a-ve-0068c003/oI5VdAAemkZYfHIQRu52FEAifOzteaQFGpPQRW/?a=1988&ch=0&cr=0&dr=0&lr=tiktok_m&cd=0%7C0%7C1%7C0&cv=1&br=696&bt=348&cs=0&ds=3&ft=_rKBMBAkq8ZmokZv6c_vjPv8sAhLrus&mime_type=video_mp4&qs=0&rc=OWlnOjdoOWk8ZzVoOjVkNUBpaml5ZWQ6Zmw8ajMzNzczM0BeXzYyXjEwNV8xNl9fNGItYSNqLW0tcjRva2tgLS1kMTZzcw%3D%3D&expire=1682038682&l=202304201857433A997E53EB688019CAD3&ply_type=2&policy=2&signature=75162d90a73646303be3b9800b4e0b0b&tk=tt_chain_token","576","https://www.tiktok.com/@tracy_louizer/video/7218879456549604613"
"https://p16-sign-va.tiktokcdn.com/tos-maliva-avt-0068/3be2ba02b8a6ea1399ee9fad3ae92a34~c5_720x720.jpeg?x-expires=1682186400&x-signature=tBjabHUbcHugHiRV0%2BUeVPvcTZQ%3D",,"3819","890","141","4005","6707516430185989126","birir3","5","false","","My safe space","false","false","20","27","1681136289","2023-04-10T14:18:09.000Z","1413",,,,,,"","1654712594642950","kenyanhighschool","","","1661170712881158","toxichighschool","","","722891","whyyoulyingchallenge","",,,,,,,,,,,,,,,,,,,,,,,,,,,,,,,,,,,,,,,,,,,,,,,,,,,,,,,,,"7220425367926918406","false","false","KE","https://v16-webapp-prime.us.tiktok.com/video/tos/useast2a/tos-useast2a-pve-0068/ogz0rkg5EAKGlIhSqtIGCYPgr0qOgoQBQ8ABfy/?a=1988&ch=0&cr=0&dr=0&lr=tiktok_m&cd=0%7C0%7C1%7C0&cv=1&br=2600&bt=1300&cs=0&ds=3&ft=_rKBMBAkq8ZmokZv6c_vjPv8sAhLrus&mime_type=video_mp4&qs=0&rc=ZDQ0NmU2OWU3NTQ7NDo6O0BpM2puM2k6ZnY0ajMzNzczM0A2MTMvNmA2Xy4xNl9iMF40YSM0aGBycjRvaG5gLS1kMTZzcw%3D%3D&expire=1682038674&l=202304201857433A997E53EB688019CAD3&ply_type=2&policy=2&signature=1fe15d049bd5bd530b44f36b8496d350&tk=tt_chain_token",,"https://p16-sg.tiktokcdn.com/aweme/200x200/tos-alisg-v-2774/e430dcfbcd2543d99a1558613c8f4ade.jpeg","WHY YOU LYING - SPED UP","oSHAMO","7213002700542347265","WHY YOU LYING - SPED UP","false","https://sf16-ies-music-sg.tiktokcdn.com/obj/tos-alisg-ve-2774/ooFPYTwD3hkEZ18yBDOiU9IZtqW8QAAoVzJsDf","15500","whyyoulyingchallenge","1.9M","1","Talk about how a parent is supposed to travel at night to come pick a child for sth stupid.My mum literally thought i was dead or sth🙄#kenyanhighschool #toxichighschool #whyyoulyingchallenge ","https://api.apify.com/v2/key-value-stores/UT3rUt0kplr20adeU/records/cover-7220425367926918406","720p","https://v16-webapp-prime.us.tiktok.com/video/tos/useast2a/tos-useast2a-pve-0068/ogz0rkg5EAKGlIhSqtIGCYPgr0qOgoQBQ8ABfy/?a=1988&ch=0&cr=0&dr=0&lr=tiktok_m&cd=0%7C0%7C1%7C0&cv=1&br=2600&bt=1300&cs=0&ds=3&ft=_rKBMBAkq8ZmokZv6c_vjPv8sAhLrus&mime_type=video_mp4&qs=0&rc=ZDQ0NmU2OWU3NTQ7NDo6O0BpM2puM2k6ZnY0ajMzNzczM0A2MTMvNmA2Xy4xNl9iMF40YSM0aGBycjRvaG5gLS1kMTZzcw%3D%3D&expire=1682038674&l=202304201857433A997E53EB688019CAD3&ply_type=2&policy=2&signature=1fe15d049bd5bd530b44f36b8496d350&tk=tt_chain_token","10","mp4","1024","https://p16-sign-va.tiktokcdn.com/obj/tos-maliva-p-0068/ooAojD4zIQSeIdCfNCa5fRTHgUPFwtApmg2DTG?x-expires=1682035200&x-signature=tJFfejT3a9udx8fSOl5L6A3qWSc%3D","https://v16-webapp-prime.us.tiktok.com/video/tos/useast2a/tos-useast2a-pve-0068/ogz0rkg5EAKGlIhSqtIGCYPgr0qOgoQBQ8ABfy/?a=1988&ch=0&cr=0&dr=0&lr=tiktok_m&cd=0%7C0%7C1%7C0&cv=1&br=2600&bt=1300&cs=0&ds=3&ft=_rKBMBAkq8ZmokZv6c_vjPv8sAhLrus&mime_type=video_mp4&qs=0&rc=ZDQ0NmU2OWU3NTQ7NDo6O0BpM2puM2k6ZnY0ajMzNzczM0A2MTMvNmA2Xy4xNl9iMF40YSM0aGBycjRvaG5gLS1kMTZzcw%3D%3D&expire=1682038674&l=202304201857433A997E53EB688019CAD3&ply_type=2&policy=2&signature=1fe15d049bd5bd530b44f36b8496d350&tk=tt_chain_token","576","https://www.tiktok.com/@birir3/video/7220425367926918406"
"https://p16-sign-va.tiktokcdn.com/tos-maliva-avt-0068/824b72859a1022bb74e4f818b4580db3~c5_720x720.jpeg?x-expires=1682186400&x-signature=P6HkneC7MAjsuKaL3scGtRg%2BfZo%3D",,"1406","5331","260","33000","7045986512660792325","iam_fele.cia","Obaayaa","false","","thank y’all for 5k 🎉","false","false","14","24","1681585357","2023-04-15T19:02:37.000Z","1442",,,,,,"","722891","whyyoulyingchallenge","","","20105","trending","","","88764338","foryoupage","","","20105","trending","","","20884","viral","","","229207","fyp","","","1613873798890662","ghanatiktok","",,,,,,,,,,,,,,,,,,,,,,,,,,,,,,,,,,,,,,,,,"7222354097238854917","false","false","GH","https://v16-webapp-prime.us.tiktok.com/video/tos/useast2a/tos-useast2a-pve-0068/og19NQBHkYBJ1OY6BOfhQSzfEOARyLAEIhtsJv/?a=1988&ch=0&cr=0&dr=0&lr=tiktok_m&cd=0%7C0%7C1%7C0&cv=1&br=2710&bt=1355&cs=0&ds=3&ft=_rKBMBAkq8ZmokZv6c_vjPv8sAhLrus&mime_type=video_mp4&qs=0&rc=ZzRlOjw4ZDU4PDppaDg2ZkBpamg1d2g6ZmlpajMzNzczM0A0NTNiYTFgXzExMGIyMmMyYSMwbF9kcjRvNnFgLS1kMTZzcw%3D%3D&expire=1682038670&l=202304201857433A997E53EB688019CAD3&ply_type=2&policy=2&signature=d741150dcfa3c76136466f539c804a99&tk=tt_chain_token",,"https://p16-sign-va.tiktokcdn.com/tos-maliva-avt-0068/a221854d32f9cace56be82f09aa2b8da~c5_720x720.jpeg?x-expires=1682186400&x-signature=2UGtSGFexLNHxk3A7DJJdj50Dc4%3D","","OfficialoSHAMØ","7203755811225553670","Why you lying by oshamo..Out now","true","https://v16m.tiktokcdn-us.com/3d5f3619ede169f152e4a9819e6b56f7/6441e03c/video/tos/useast5/tos-useast5-v-27dcd7c799-tx/osfAfIjLEJcwrFcfYYMahfcKel3iGAq0ARSrxg/?a=1233&ch=0&cr=0&dr=0&er=2&cd=0%7C0%7C0%7C0&br=250&bt=125&ft=t5PLr-Inz7Ttzyafiyq8Z&mime_type=audio_mpeg&qs=6&rc=ZGZnNDpnZzY3aTo4NDQ6ZUBpM2xkazg6ZmQzajMzNzU8M0A2MzA0NTM0NjMxLmIxYy8vYSNpb25scjRfbmBgLS1kMTZzcw%3D%3D&l=202304201857433A997E53EB688019CAD3&download=true","13100","whyyoulyingchallenge","1.9M","5","#whyyoulyingchallenge #trending #foryoupage #trending #viral #fyp #ghanatiktok ","https://api.apify.com/v2/key-value-stores/UT3rUt0kplr20adeU/records/cover-7222354097238854917","720p","https://v16-webapp-prime.us.tiktok.com/video/tos/useast2a/tos-useast2a-pve-0068/og19NQBHkYBJ1OY6BOfhQSzfEOARyLAEIhtsJv/?a=1988&ch=0&cr=0&dr=0&lr=tiktok_m&cd=0%7C0%7C1%7C0&cv=1&br=2710&bt=1355&cs=0&ds=3&ft=_rKBMBAkq8ZmokZv6c_vjPv8sAhLrus&mime_type=video_mp4&qs=0&rc=ZzRlOjw4ZDU4PDppaDg2ZkBpamg1d2g6ZmlpajMzNzczM0A0NTNiYTFgXzExMGIyMmMyYSMwbF9kcjRvNnFgLS1kMTZzcw%3D%3D&expire=1682038670&l=202304201857433A997E53EB688019CAD3&ply_type=2&policy=2&signature=d741150dcfa3c76136466f539c804a99&tk=tt_chain_token","6","mp4","1024","https://p16-sign-va.tiktokcdn.com/obj/tos-maliva-p-0068/oEIzkOAO0YfvEBHhstSBHsdAhsJM6OxE1QtfR9?x-expires=1682035200&x-signature=paoYEgK8BZKJV5Wr%2BnK2qeceHM8%3D","https://v16-webapp-prime.us.tiktok.com/video/tos/useast2a/tos-useast2a-pve-0068/og19NQBHkYBJ1OY6BOfhQSzfEOARyLAEIhtsJv/?a=1988&ch=0&cr=0&dr=0&lr=tiktok_m&cd=0%7C0%7C1%7C0&cv=1&br=2710&bt=1355&cs=0&ds=3&ft=_rKBMBAkq8ZmokZv6c_vjPv8sAhLrus&mime_type=video_mp4&qs=0&rc=ZzRlOjw4ZDU4PDppaDg2ZkBpamg1d2g6ZmlpajMzNzczM0A0NTNiYTFgXzExMGIyMmMyYSMwbF9kcjRvNnFgLS1kMTZzcw%3D%3D&expire=1682038670&l=202304201857433A997E53EB688019CAD3&ply_type=2&policy=2&signature=d741150dcfa3c76136466f539c804a99&tk=tt_chain_token","576","https://www.tiktok.com/@iam_fele.cia/video/7222354097238854917"
"https://p16-sign-va.tiktokcdn.com/tos-maliva-avt-0068/4142a9e3af4c7f582549c5720b06566c~c5_720x720.jpeg?x-expires=1682186400&x-signature=qkC7BopfO73Yx5fjvMjaVtfS%2B0I%3D",,"15700","575","184","6242","7115357243595817986","gigiwanjiru1","Gigi Wanjiru","false","","Public journal of sorts💭you're welcome to stay❤️","false","false","18","45","1681140066","2023-04-10T15:21:06.000Z","1106","9306990","CVNT",,,,"","1692423698414594","tukostories","","","229207","fyp","","","1649139584636934","fyppppppppppppppppppppppp","","","722891","whyyoulyingchallenge","","","1615843022391302","kenyantiktok","","","1663312623015942","kenyantiktok🇰🇪","","","20884","viral","","","67965187","highschoolstories","","","1637342470396934","fypシ","","","1642938121088006","highschoolkenya","","","1675118390428673","kenyahighschoollife","","https://p16-amd-va.tiktokcdn.com/obj/musically-maliva-obj/d0e038a27406b0fbf4a0632f091b4f9a.png","35364","storytime","Share a story that's going on in your life or a factual one that you want the world to know! 📖",,,,,,,,,,,,,,,,,,,,,"7220441582472940806","false","false","KE","https://v16-webapp-prime.us.tiktok.com/video/tos/useast2a/tos-useast2a-pve-0068/owkgJG0NMB6ICAeRRBMEpYgQMNEfQhbw6ZKnDP/?a=1988&ch=0&cr=0&dr=0&lr=tiktok_m&cd=0%7C0%7C1%7C0&cv=1&br=1138&bt=569&cs=0&ds=3&ft=_rKBMBAkq8ZmokZv6c_vjPv8sAhLrus&mime_type=video_mp4&qs=0&rc=Njk6O2Q6Ozc0PGgzOzM3ZEBpanR2Zzs6Zm01ajMzNzczM0A1Y2FeMmIuNTMxYS02YC4xYSM0bTRncjQwYG5gLS1kMTZzcw%3D%3D&expire=1682038844&l=202304201857433A997E53EB688019CAD3&ply_type=2&policy=2&signature=15f644054c276e0267d7b41e2f1f3f10&tk=tt_chain_token",,"https://p16-sg.tiktokcdn.com/aweme/200x200/tos-alisg-v-2774/e430dcfbcd2543d99a1558613c8f4ade.jpeg","WHY YOU LYING - SPED UP","oSHAMO","7213002700542347265","WHY YOU LYING - SPED UP","false","https://sf16-ies-music-sg.tiktokcdn.com/obj/tos-alisg-ve-2774/ooFPYTwD3hkEZ18yBDOiU9IZtqW8QAAoVzJsDf","15800","whyyoulyingchallenge","1.9M","7","#tukostories #fyp #fyppppppppppppppppppppppp #whyyoulyingchallenge #kenyantiktok #kenyantiktok🇰🇪 #viral #highschoolstories #fypシ #highschoolkenya #kenyahighschoollife #storytime ","https://api.apify.com/v2/key-value-stores/UT3rUt0kplr20adeU/records/cover-7220441582472940806","720p","https://v16-webapp-prime.us.tiktok.com/video/tos/useast2a/tos-useast2a-pve-0068/owkgJG0NMB6ICAeRRBMEpYgQMNEfQhbw6ZKnDP/?a=1988&ch=0&cr=0&dr=0&lr=tiktok_m&cd=0%7C0%7C1%7C0&cv=1&br=1138&bt=569&cs=0&ds=3&ft=_rKBMBAkq8ZmokZv6c_vjPv8sAhLrus&mime_type=video_mp4&qs=0&rc=Njk6O2Q6Ozc0PGgzOzM3ZEBpanR2Zzs6Zm01ajMzNzczM0A1Y2FeMmIuNTMxYS02YC4xYSM0bTRncjQwYG5gLS1kMTZzcw%3D%3D&expire=1682038844&l=202304201857433A997E53EB688019CAD3&ply_type=2&policy=2&signature=15f644054c276e0267d7b41e2f1f3f10&tk=tt_chain_token","180","mp4","1024","https://p16-sign-va.tiktokcdn.com/obj/tos-maliva-p-0068/cdf8d057af60453586c9780a967f4088_1681140079?x-expires=1682035200&x-signature=MpCU0spQL%2BUoIrTbjJP4OaJfMB8%3D","https://v16-webapp-prime.us.tiktok.com/video/tos/useast2a/tos-useast2a-pve-0068/owkgJG0NMB6ICAeRRBMEpYgQMNEfQhbw6ZKnDP/?a=1988&ch=0&cr=0&dr=0&lr=tiktok_m&cd=0%7C0%7C1%7C0&cv=1&br=1138&bt=569&cs=0&ds=3&ft=_rKBMBAkq8ZmokZv6c_vjPv8sAhLrus&mime_type=video_mp4&qs=0&rc=Njk6O2Q6Ozc0PGgzOzM3ZEBpanR2Zzs6Zm01ajMzNzczM0A1Y2FeMmIuNTMxYS02YC4xYSM0bTRncjQwYG5gLS1kMTZzcw%3D%3D&expire=1682038844&l=202304201857433A997E53EB688019CAD3&ply_type=2&policy=2&signature=15f644054c276e0267d7b41e2f1f3f10&tk=tt_chain_token","576","https://www.tiktok.com/@gigiwanjiru1/video/7220441582472940806"
"https://p16-sign-va.tiktokcdn.com/tos-maliva-avt-0068/4142a9e3af4c7f582549c5720b06566c~c5_720x720.jpeg?x-expires=1682186400&x-signature=qkC7BopfO73Yx5fjvMjaVtfS%2B0I%3D",,"15700","575","184","6242","7115357243595817986","gigiwanjiru1","Gigi Wanjiru","false","","Public journal of sorts💭you're welcome to stay❤️","false","false","18","33","1681217608","2023-04-11T12:53:28.000Z","964","9306990","CVNT",,,,"https://p16-amd-va.tiktokcdn.com/obj/musically-maliva-obj/d0e038a27406b0fbf4a0632f091b4f9a.png","35364","storytime","Share a story that's going on in your life or a factual one that you want the world to know! 📖","","1675118390428673","kenyahighschoollife","","","1642938121088006","highschoolkenya","","","1637342470396934","fypシ","","","67965187","highschoolstories","","","20884","viral","","","1663312623015942","kenyantiktok🇰🇪","","","1615843022391302","kenyantiktok","","","722891","whyyoulyingchallenge","","","1649139584636934","fyppppppppppppppppppppppp","","","229207","fyp","","","1692423698414594","tukostories","","","1640865708561413","ronoh","","","1660334498580485","azziad","","","107096","kenyan","","","6469","follow","","","7012379144096841733","wildstoriesfromthepast","","7220774626492796165","false","false","KE","https://v16-webapp-prime.us.tiktok.com/video/tos/useast2a/tos-useast2a-pve-0068/oUAAAWBG2f4R6CqQIyhzFFNtE93CovICgk1HkI/?a=1988&ch=0&cr=0&dr=0&lr=tiktok_m&cd=0%7C0%7C1%7C0&cv=1&br=1634&bt=817&cs=0&ds=3&ft=_rKBMBAkq8ZmokZv6c_vjPv8sAhLrus&mime_type=video_mp4&qs=0&rc=ZmRoZjVkaTw8NjtkPDY0NkBpajQ1Mzg6ZjZvajMzNzczM0BfMWMzM2JhXi0xNTQxMF5jYSNqNWVxcjRnY25gLS1kMTZzcw%3D%3D&expire=1682038844&l=202304201857433A997E53EB688019CAD3&ply_type=2&policy=2&signature=968eb2bf0698e29c36c4112c3024df9c&tk=tt_chain_token",,"https://p16-sg.tiktokcdn.com/aweme/200x200/tos-alisg-v-2774/e430dcfbcd2543d99a1558613c8f4ade.jpeg","WHY YOU LYING - SPED UP","oSHAMO","7213002700542347265","WHY YOU LYING - SPED UP","false","https://sf16-ies-music-sg.tiktokcdn.com/obj/tos-alisg-ve-2774/ooFPYTwD3hkEZ18yBDOiU9IZtqW8QAAoVzJsDf","11100","whyyoulyingchallenge","1.9M","3","😆part 4 of High-school dramaaaa🫠 #storytime #kenyahighschoollife #highschoolkenya #fypシ #highschoolstories #viral #kenyantiktok🇰🇪 #kenyantiktok  #whyyoulyingchallenge#fyppppppppppppppppppppppp  #fyp #tukostories #ronoh #azziad #kenyan #follow #wildstoriesfromthepast ","https://api.apify.com/v2/key-value-stores/UT3rUt0kplr20adeU/records/cover-7220774626492796165","720p","https://v16-webapp-prime.us.tiktok.com/video/tos/useast2a/tos-useast2a-pve-0068/oUAAAWBG2f4R6CqQIyhzFFNtE93CovICgk1HkI/?a=1988&ch=0&cr=0&dr=0&lr=tiktok_m&cd=0%7C0%7C1%7C0&cv=1&br=1634&bt=817&cs=0&ds=3&ft=_rKBMBAkq8ZmokZv6c_vjPv8sAhLrus&mime_type=video_mp4&qs=0&rc=ZmRoZjVkaTw8NjtkPDY0NkBpajQ1Mzg6ZjZvajMzNzczM0BfMWMzM2JhXi0xNTQxMF5jYSNqNWVxcjRnY25gLS1kMTZzcw%3D%3D&expire=1682038844&l=202304201857433A997E53EB688019CAD3&ply_type=2&policy=2&signature=968eb2bf0698e29c36c4112c3024df9c&tk=tt_chain_token","180","mp4","1024","https://p16-sign-va.tiktokcdn.com/obj/tos-maliva-p-0068/osD9QS6bqEDIRVIjOWaI0AeeaebnEMgCAILW1C?x-expires=1682035200&x-signature=qbUKZADoYIkQWMUPxU9Mx48MWSE%3D","https://v16-webapp-prime.us.tiktok.com/video/tos/useast2a/tos-useast2a-pve-0068/oUAAAWBG2f4R6CqQIyhzFFNtE93CovICgk1HkI/?a=1988&ch=0&cr=0&dr=0&lr=tiktok_m&cd=0%7C0%7C1%7C0&cv=1&br=1634&bt=817&cs=0&ds=3&ft=_rKBMBAkq8ZmokZv6c_vjPv8sAhLrus&mime_type=video_mp4&qs=0&rc=ZmRoZjVkaTw8NjtkPDY0NkBpajQ1Mzg6ZjZvajMzNzczM0BfMWMzM2JhXi0xNTQxMF5jYSNqNWVxcjRnY25gLS1kMTZzcw%3D%3D&expire=1682038844&l=202304201857433A997E53EB688019CAD3&ply_type=2&policy=2&signature=968eb2bf0698e29c36c4112c3024df9c&tk=tt_chain_token","576","https://www.tiktok.com/@gigiwanjiru1/video/7220774626492796165"
"https://p16-sign-va.tiktokcdn.com/tos-maliva-avt-0068/ded0d38086ae542db7e4b4d35744fa02~c5_720x720.jpeg?x-expires=1682186400&x-signature=yhpymk%2BTlM5SURxnQKjLVVhKVwE%3D",,"76","24100","75","251000","7148171998727717890","thefulanipodcast","The Fulani Podcast","false","","Like my content? Tuma kakitu. Link in bio.","false","false","236","92","1681382305","2023-04-13T10:38:25.000Z","807",,,,,,"","53266854","kisii","","","1678885388736513","kisiitiktokres","","","7221479467472912390","nyabisia","","","561457","whyyoulying","","","722891","whyyoulyingchallenge","","","1638229263636485","kenyanhighschools","","","45685574","yiona","","","7144741408544489477","loretolimuru","",,,,,,,,,,,,,,,,,,,,,,,,,,,,,,,,,,,,,"7221481992393690373","false","false","KE","https://v16-webapp-prime.us.tiktok.com/video/tos/useast2a/tos-useast2a-ve-0068c001/o8tfIC3DjSObFXUK2gQ73EIbIABISfnaVe6C8C/?a=1988&ch=0&cr=0&dr=0&lr=tiktok_m&cd=0%7C0%7C1%7C0&cv=1&br=356&bt=178&cs=0&ds=3&ft=_rKBMBAkq8ZmokZv6c_vjPv8sAhLrus&mime_type=video_mp4&qs=0&rc=ZzY2ZzU5aWc4OWY3ZTVlNUBpM3k3PGk6Znl3ajMzNzczM0BfXjJhYjEtXjMxMS9iYmE1YSMyMm1kcjRnaW9gLS1kMTZzcw%3D%3D&expire=1682038761&l=202304201857433A997E53EB688019CAD3&ply_type=2&policy=2&signature=47ca57c55958e7e67cfc6220a579f1ea&tk=tt_chain_token",,"https://p16-sign-va.tiktokcdn.com/tos-maliva-avt-0068/ded0d38086ae542db7e4b4d35744fa02~c5_720x720.jpeg?x-expires=1682186400&x-signature=yhpymk%2BTlM5SURxnQKjLVVhKVwE%3D","","The Fulani Podcast","7221481986513308422","original sound","true","https://v16m.tiktokcdn-us.com/3d5f3619ede169f152e4a9819e6b56f7/6441e03c/video/tos/useast5/tos-useast5-v-27dcd7c799-tx/osfAfIjLEJcwrFcfYYMahfcKel3iGAq0ARSrxg/?a=1233&ch=0&cr=0&dr=0&er=2&cd=0%7C0%7C0%7C0&br=250&bt=125&ft=t5PLr-Inz7Ttzyafiyq8Z&mime_type=audio_mpeg&qs=6&rc=ZGZnNDpnZzY3aTo4NDQ6ZUBpM2xkazg6ZmQzajMzNzU8M0A2MzA0NTM0NjMxLmIxYy8vYSNpb25scjRfbmBgLS1kMTZzcw%3D%3D&l=202304201857433A997E53EB688019CAD3&download=true","20600","whyyoulyingchallenge","1.9M","15","Another horrific incident in #kisii #kisiitiktokres #nyabisia Secondary School at a time when #whyyoulying #whyyoulyingchallenge #kenyanhighschools is trending. #yiona from #loretolimuru was forced to delete her video because of corruption. ","https://api.apify.com/v2/key-value-stores/UT3rUt0kplr20adeU/records/cover-7221481992393690373","720p","https://v16-webapp-prime.us.tiktok.com/video/tos/useast2a/tos-useast2a-ve-0068c001/o8tfIC3DjSObFXUK2gQ73EIbIABISfnaVe6C8C/?a=1988&ch=0&cr=0&dr=0&lr=tiktok_m&cd=0%7C0%7C1%7C0&cv=1&br=356&bt=178&cs=0&ds=3&ft=_rKBMBAkq8ZmokZv6c_vjPv8sAhLrus&mime_type=video_mp4&qs=0&rc=ZzY2ZzU5aWc4OWY3ZTVlNUBpM3k3PGk6Znl3ajMzNzczM0BfXjJhYjEtXjMxMS9iYmE1YSMyMm1kcjRnaW9gLS1kMTZzcw%3D%3D&expire=1682038761&l=202304201857433A997E53EB688019CAD3&ply_type=2&policy=2&signature=47ca57c55958e7e67cfc6220a579f1ea&tk=tt_chain_token","97","mp4","1024","https://p16-sign-va.tiktokcdn.com/obj/tos-maliva-p-0068/o0CL5fP8Q5AXgJCboDHSgtIfCe7i2jkvIczhg8?x-expires=1682035200&x-signature=uB6Ln9ZqDDBacnkvkvO4zGHmftg%3D","https://v16-webapp-prime.us.tiktok.com/video/tos/useast2a/tos-useast2a-ve-0068c001/o8tfIC3DjSObFXUK2gQ73EIbIABISfnaVe6C8C/?a=1988&ch=0&cr=0&dr=0&lr=tiktok_m&cd=0%7C0%7C1%7C0&cv=1&br=356&bt=178&cs=0&ds=3&ft=_rKBMBAkq8ZmokZv6c_vjPv8sAhLrus&mime_type=video_mp4&qs=0&rc=ZzY2ZzU5aWc4OWY3ZTVlNUBpM3k3PGk6Znl3ajMzNzczM0BfXjJhYjEtXjMxMS9iYmE1YSMyMm1kcjRnaW9gLS1kMTZzcw%3D%3D&expire=1682038761&l=202304201857433A997E53EB688019CAD3&ply_type=2&policy=2&signature=47ca57c55958e7e67cfc6220a579f1ea&tk=tt_chain_token","576","https://www.tiktok.com/@thefulanipodcast/video/7221481992393690373"
"https://p16-sign-va.tiktokcdn.com/tos-maliva-avt-0068/746c96b5147e5ab37b19219a8948610b~c5_720x720.jpeg?x-expires=1682186400&x-signature=fg7leueGPS0239gT4IPCIJbzI5Y%3D",,"42800","4685","1662","118100","6917618973439181829","taurus.sweetie","lue","false",,"","false","false","495","30","1681226172","2023-04-11T15:16:12.000Z","523",,,,,,"","561457","whyyoulying","","","722891","whyyoulyingchallenge","","","20105","trending","","","20884","viral","","","1637342470396934","fypシ","","","229207","fyp","","","1663312623015942","kenyantiktok🇰🇪","","","7159556623260712965","taurussweetie","","","1592200084612101","😂😂😂","","","7116447653751652357","kimililitiktokers","",,,,,,,,,,,,,,,,,,,,,,,,,,,,,"7220811410807246086","false","false",,"https://v16-webapp-prime.us.tiktok.com/video/tos/useast2a/tos-useast2a-pve-0068/o01E8kURbABfgonPE4gqcHIQQeRaXNMI3JDQBy/?a=1988&ch=0&cr=0&dr=0&lr=tiktok_m&cd=0%7C0%7C1%7C0&cv=1&br=2996&bt=1498&cs=0&ds=3&ft=_rKBMBAkq8ZmoaZv6c_vj~A_sAhLrus&mime_type=video_mp4&qs=0&rc=aGhkN2U0aDw3OztpNDw0NEBpanQ0dzU6ZjZxajMzNzczM0BhLi5jNDNgXzExYF9gMC01YSNway4ucjRvYm5gLS1kMTZzcw%3D%3D&expire=1682038698&l=20230420185756E591EDBA188C79198315&ply_type=2&policy=2&signature=c06fa8fbb399746072c283981ba46fe3&tk=tt_chain_token",,"https://p16-sign-va.tiktokcdn.com/tos-maliva-avt-0068/a221854d32f9cace56be82f09aa2b8da~c5_720x720.jpeg?x-expires=1682186400&x-signature=2UGtSGFexLNHxk3A7DJJdj50Dc4%3D","","OfficialoSHAMØ","7203755811225553670","Why you lying by oshamo..Out now","true","https://v16m.tiktokcdn-us.com/fecb55a1f094feb971ad8a540262ce82/6441e1ec/video/tos/useast5/tos-useast5-v-27dcd7c799-tx/oYbkRYJ8UOnNJ2ZD4ZeSIIJJBHJrMQBJmeQJZC/?a=1233&ch=0&cr=0&dr=0&er=2&cd=0%7C0%7C0%7C0&br=250&bt=125&ft=t5PLr-Inz7TGzyafiyq8Z&mime_type=audio_mpeg&qs=6&rc=NDc2aTs6OzxoOGhnNGdmZ0BpanhsZzc6ZjU5ajMzNzU8M0AtYC5fM2AuXy4xLS0wYi1fYSMwbGBqcjQwNm9gLS1kMTZzcw%3D%3D&l=20230420185756E591EDBA188C79198315&download=true","8121","whyyoulyingchallenge","1.9M","9","these humans made my life hard gosh kwanza those first two prefects🤌mkujie story#whyyoulying #whyyoulyingchallenge #trending #viral #fypシ #fyp #kenyantiktok🇰🇪 #taurussweetie #😂😂😂 #kimililitiktokers ","https://api.apify.com/v2/key-value-stores/UT3rUt0kplr20adeU/records/cover-7220811410807246086","720p","https://v16-webapp-prime.us.tiktok.com/video/tos/useast2a/tos-useast2a-pve-0068/o01E8kURbABfgonPE4gqcHIQQeRaXNMI3JDQBy/?a=1988&ch=0&cr=0&dr=0&lr=tiktok_m&cd=0%7C0%7C1%7C0&cv=1&br=2996&bt=1498&cs=0&ds=3&ft=_rKBMBAkq8ZmoaZv6c_vj~A_sAhLrus&mime_type=video_mp4&qs=0&rc=aGhkN2U0aDw3OztpNDw0NEBpanQ0dzU6ZjZxajMzNzczM0BhLi5jNDNgXzExYF9gMC01YSNway4ucjRvYm5gLS1kMTZzcw%3D%3D&expire=1682038698&l=20230420185756E591EDBA188C79198315&ply_type=2&policy=2&signature=c06fa8fbb399746072c283981ba46fe3&tk=tt_chain_token","22","mp4","1024","https://p16-sign-va.tiktokcdn.com/obj/tos-maliva-p-0068/oYqyEeBRJnkhNQEceQnoA0b3Ib1PHoBDsYQ3XE?x-expires=1682035200&x-signature=DZ5XUVgJe%2F1OfyI34pvHh112Z24%3D","https://v16-webapp-prime.us.tiktok.com/video/tos/useast2a/tos-useast2a-pve-0068/o01E8kURbABfgonPE4gqcHIQQeRaXNMI3JDQBy/?a=1988&ch=0&cr=0&dr=0&lr=tiktok_m&cd=0%7C0%7C1%7C0&cv=1&br=2996&bt=1498&cs=0&ds=3&ft=_rKBMBAkq8ZmoaZv6c_vj~A_sAhLrus&mime_type=video_mp4&qs=0&rc=aGhkN2U0aDw3OztpNDw0NEBpanQ0dzU6ZjZxajMzNzczM0BhLi5jNDNgXzExYF9gMC01YSNway4ucjRvYm5gLS1kMTZzcw%3D%3D&expire=1682038698&l=20230420185756E591EDBA188C79198315&ply_type=2&policy=2&signature=c06fa8fbb399746072c283981ba46fe3&tk=tt_chain_token","576","https://www.tiktok.com/@taurus.sweetie/video/7220811410807246086"
"https://p16-sign-va.tiktokcdn.com/tos-maliva-avt-0068/5f25a295e0f4c8927ecf5a78d0e30960~c5_720x720.jpeg?x-expires=1682186400&x-signature=gni4%2FUXpLhmqsEWBS%2BWoA%2FjksDU%3D",,"1663","101300","549","647600","7096940256533169153","francisgaitho","Francis Gaitho","false",,"Like my content? Tuma Kakitu. Link in bio.","false","false","387","25","1681479560","2023-04-14T13:39:20.000Z","546","5418730","Front Flashlight","0",,,"https://p16-amd-va.tiktokcdn.com/obj/musically-maliva-obj/dff7a84f4a6523e32f92b9a79b1e4d34","30496","duet","Two is always better than one, so show us your perfect #Duet.","","722891","whyyoulyingchallenge","",,,,,,,,,,,,,,,,,,,,,,,,,,,,,,,,,,,,,,,,,,,,,,,,,,,,,,,,,,,,,"7221899707835043077","false","false",,"https://v16-webapp-prime.us.tiktok.com/video/tos/useast2a/tos-useast2a-ve-0068c004/oInQBgNh5oH5y4NkaEAuIKAdHjIVfnCjzDMKV5/?a=1988&ch=0&cr=0&dr=0&lr=tiktok_m&cd=0%7C0%7C1%7C0&cv=1&br=2094&bt=1047&cs=0&ds=3&ft=_rKBMBAkq8ZmoaZv6c_vj~A_sAhLrus&mime_type=video_mp4&qs=0&rc=ZjM2OWZkaWdoODY6Zmg4OEBpajR2OzY6ZnZvajMzNzczM0BeMDAtLi02XzIxMzQyLjMyYSMzaHBhcjQwYnBgLS1kMTZzcw%3D%3D&expire=1682038735&l=20230420185756E591EDBA188C79198315&ply_type=2&policy=2&signature=ace40fa260cdfeac7af9a2fd4cd23cea&tk=tt_chain_token","@shirley","https://p19-sign.tiktokcdn-us.com/tos-useast5-avt-0068-tx/904cb6b7dd3e8de0fe95d304667bdd0b~c5_720x720.jpeg?x-expires=1682186400&x-signature=%2BLj6%2F4Fd%2Blwh05YLkIRkHigmIpE%3D","","Omari Rock","6925978491515063045","Thank you guys for using this sound","true","https://v16m.tiktokcdn-us.com/fecb55a1f094feb971ad8a540262ce82/6441e1ec/video/tos/useast5/tos-useast5-v-27dcd7c799-tx/oYbkRYJ8UOnNJ2ZD4ZeSIIJJBHJrMQBJmeQJZC/?a=1233&ch=0&cr=0&dr=0&er=2&cd=0%7C0%7C0%7C0&br=250&bt=125&ft=t5PLr-Inz7TGzyafiyq8Z&mime_type=audio_mpeg&qs=6&rc=NDc2aTs6OzxoOGhnNGdmZ0BpanhsZzc6ZjU5ajMzNzU8M0AtYC5fM2AuXy4xLS0wYi1fYSMwbGBqcjQwNm9gLS1kMTZzcw%3D%3D&l=20230420185756E591EDBA188C79198315&download=true","7131","whyyoulyingchallenge","1.9M","3","#duet with @shirley #whyyoulyingchallenge my ribs 😂😂😂😂","https://api.apify.com/v2/key-value-stores/UT3rUt0kplr20adeU/records/cover-7221899707835043077","720p","https://v16-webapp-prime.us.tiktok.com/video/tos/useast2a/tos-useast2a-ve-0068c004/oInQBgNh5oH5y4NkaEAuIKAdHjIVfnCjzDMKV5/?a=1988&ch=0&cr=0&dr=0&lr=tiktok_m&cd=0%7C0%7C1%7C0&cv=1&br=2094&bt=1047&cs=0&ds=3&ft=_rKBMBAkq8ZmoaZv6c_vj~A_sAhLrus&mime_type=video_mp4&qs=0&rc=ZjM2OWZkaWdoODY6Zmg4OEBpajR2OzY6ZnZvajMzNzczM0BeMDAtLi02XzIxMzQyLjMyYSMzaHBhcjQwYnBgLS1kMTZzcw%3D%3D&expire=1682038735&l=20230420185756E591EDBA188C79198315&ply_type=2&policy=2&signature=ace40fa260cdfeac7af9a2fd4cd23cea&tk=tt_chain_token","59","mp4","576","https://p16-sign-va.tiktokcdn.com/obj/tos-maliva-p-0068/og9EU5eOCInlwGDAdaVQbHD1kyQeRUOBJPwVrB?x-expires=1682035200&x-signature=nbHGapfiPvzqyBFQLZG7bRTZXYk%3D","https://v16-webapp-prime.us.tiktok.com/video/tos/useast2a/tos-useast2a-ve-0068c004/oInQBgNh5oH5y4NkaEAuIKAdHjIVfnCjzDMKV5/?a=1988&ch=0&cr=0&dr=0&lr=tiktok_m&cd=0%7C0%7C1%7C0&cv=1&br=2094&bt=1047&cs=0&ds=3&ft=_rKBMBAkq8ZmoaZv6c_vj~A_sAhLrus&mime_type=video_mp4&qs=0&rc=ZjM2OWZkaWdoODY6Zmg4OEBpajR2OzY6ZnZvajMzNzczM0BeMDAtLi02XzIxMzQyLjMyYSMzaHBhcjQwYnBgLS1kMTZzcw%3D%3D&expire=1682038735&l=20230420185756E591EDBA188C79198315&ply_type=2&policy=2&signature=ace40fa260cdfeac7af9a2fd4cd23cea&tk=tt_chain_token","648","https://www.tiktok.com/@francisgaitho/video/7221899707835043077"
"https://p16-sign-va.tiktokcdn.com/tos-maliva-avt-0068/b0b5907108febc088e9043c2e8a4a0c7~c5_720x720.jpeg?x-expires=1682186400&x-signature=%2BKCjsVmLIfaSV5Qy8rkqdgmJ4To%3D",,"16600","53","651","472","6884159055536686086","onlymewalaii","whoisyourguy","false",,"","false","false","1","57","1680815144","2023-04-06T21:05:44.000Z","472",,,,,,"","229207","fyp","","","722891","whyyoulyingchallenge","","","16444411","highschoolteacher","",,,,,,,,,,,,,,,,,,,,,,,,,,,,,,,,,,,,,,,,,,,,,,,,,,,,,,,,,"7219046060507794694","false","false",,"https://v16-webapp-prime.us.tiktok.com/video/tos/useast2a/tos-useast2a-ve-0068c001/oQ53kfzhICgC5ELSavhIvnAANNRoDPLFFytHw8/?a=1988&ch=0&cr=0&dr=0&lr=tiktok_m&cd=0%7C0%7C1%7C0&cv=1&br=534&bt=267&cs=0&ds=3&ft=_rKBMBAkq8ZmoaZv6c_vj~A_sAhLrus&mime_type=video_mp4&qs=0&rc=OjZoZTM4OTM7NWc6ZjdlZkBpampvdWk6ZjxtajMzNzczM0AvLzAuMTIuNi0xXjM2YGJiYSMwMGxvcjRfNGtgLS1kMTZzcw%3D%3D&expire=1682038701&l=20230420185756E591EDBA188C79198315&ply_type=2&policy=2&signature=347b41fb62830c3053630f9ec6099c65&tk=tt_chain_token",,"https://p16-sg.tiktokcdn.com/aweme/200x200/tos-alisg-v-2774/e430dcfbcd2543d99a1558613c8f4ade.jpeg","WHY YOU LYING - SPED UP","oSHAMO","7213002700542347265","WHY YOU LYING - SPED UP","false","https://sf16-ies-music-sg.tiktokcdn.com/obj/tos-alisg-ve-2774/ooFPYTwD3hkEZ18yBDOiU9IZtqW8QAAoVzJsDf","12600","whyyoulyingchallenge","1.9M","31","precious birds🐦  #fyp  #whyyoulyingchallenge #highschoolteacher","https://api.apify.com/v2/key-value-stores/UT3rUt0kplr20adeU/records/cover-7219046060507794694","720p","https://v16-webapp-prime.us.tiktok.com/video/tos/useast2a/tos-useast2a-ve-0068c001/oQ53kfzhICgC5ELSavhIvnAANNRoDPLFFytHw8/?a=1988&ch=0&cr=0&dr=0&lr=tiktok_m&cd=0%7C0%7C1%7C0&cv=1&br=534&bt=267&cs=0&ds=3&ft=_rKBMBAkq8ZmoaZv6c_vj~A_sAhLrus&mime_type=video_mp4&qs=0&rc=OjZoZTM4OTM7NWc6ZjdlZkBpampvdWk6ZjxtajMzNzczM0AvLzAuMTIuNi0xXjM2YGJiYSMwMGxvcjRfNGtgLS1kMTZzcw%3D%3D&expire=1682038701&l=20230420185756E591EDBA188C79198315&ply_type=2&policy=2&signature=347b41fb62830c3053630f9ec6099c65&tk=tt_chain_token","25","mp4","1024","https://p16-sign-va.tiktokcdn.com/obj/tos-maliva-p-0068/oIvHPfAIkzyQFFCnNopvAMCREtwS3ZghRyIU5B?x-expires=1682035200&x-signature=Ozuf73kCt%2B1F5FkRXQozOGCJRpA%3D","https://v16-webapp-prime.us.tiktok.com/video/tos/useast2a/tos-useast2a-ve-0068c001/oQ53kfzhICgC5ELSavhIvnAANNRoDPLFFytHw8/?a=1988&ch=0&cr=0&dr=0&lr=tiktok_m&cd=0%7C0%7C1%7C0&cv=1&br=534&bt=267&cs=0&ds=3&ft=_rKBMBAkq8ZmoaZv6c_vj~A_sAhLrus&mime_type=video_mp4&qs=0&rc=OjZoZTM4OTM7NWc6ZjdlZkBpampvdWk6ZjxtajMzNzczM0AvLzAuMTIuNi0xXjM2YGJiYSMwMGxvcjRfNGtgLS1kMTZzcw%3D%3D&expire=1682038701&l=20230420185756E591EDBA188C79198315&ply_type=2&policy=2&signature=347b41fb62830c3053630f9ec6099c65&tk=tt_chain_token","576","https://www.tiktok.com/@onlymewalaii/video/7219046060507794694"
"https://p16-sign-va.tiktokcdn.com/tos-maliva-avt-0068/5191013524725a1363acc14deb45c31c~c5_720x720.jpeg?x-expires=1682186400&x-signature=48kBHz%2BIhGlI%2BIKLX9TFxEu01nQ%3D",,"4619","257","266","1274","272484188283576320","wawerushiks1","Waweru Shiks","false",,"","false","false","56","86","1681050529","2023-04-09T14:28:49.000Z","407",,,,,,"","722891","whyyoulyingchallenge","","","1638229263636485","kenyanhighschools","","","3466869","highschoolteachers","",,,,,,,,,,,,,,,,,,,,,,,,,,,,,,,,,,,,,,,,,,,,,,,,,,,,,,,,,"7220057032303316229","false","false",,"https://v16-webapp-prime.us.tiktok.com/video/tos/useast2a/tos-useast2a-ve-0068c002/oIBxDhDEIBQk2BMbryeJysIkA6sTrEAenBsRQS/?a=1988&ch=0&cr=0&dr=0&lr=tiktok_m&cd=0%7C0%7C1%7C0&cv=1&br=904&bt=452&cs=0&ds=3&ft=_rKBMBAkq8ZmoaZv6c_vj~A_sAhLrus&mime_type=video_mp4&qs=0&rc=PDM0ZGQ7Z2VoZTg2ZDtkOUBpMzZoZDw6ZmdmajMzNzczM0A1NTVhY2FjNi8xXmAxYi9hYSMtNW5jcjRnam1gLS1kMTZzcw%3D%3D&expire=1682038708&l=20230420185756E591EDBA188C79198315&ply_type=2&policy=2&signature=fdbea319dfbc63c8281d5ab51c34bd77&tk=tt_chain_token",,"https://p16-sg.tiktokcdn.com/aweme/200x200/tos-alisg-v-2774/e430dcfbcd2543d99a1558613c8f4ade.jpeg","WHY YOU LYING - SPED UP","oSHAMO","7213002700542347265","WHY YOU LYING - SPED UP","false","https://sf16-ies-music-sg.tiktokcdn.com/obj/tos-alisg-ve-2774/ooFPYTwD3hkEZ18yBDOiU9IZtqW8QAAoVzJsDf","23700","whyyoulyingchallenge","1.9M","40","#whyyoulyingchallenge #kenyanhighschools  #highschoolteachers ","https://api.apify.com/v2/key-value-stores/UT3rUt0kplr20adeU/records/cover-7220057032303316229","720p","https://v16-webapp-prime.us.tiktok.com/video/tos/useast2a/tos-useast2a-ve-0068c002/oIBxDhDEIBQk2BMbryeJysIkA6sTrEAenBsRQS/?a=1988&ch=0&cr=0&dr=0&lr=tiktok_m&cd=0%7C0%7C1%7C0&cv=1&br=904&bt=452&cs=0&ds=3&ft=_rKBMBAkq8ZmoaZv6c_vj~A_sAhLrus&mime_type=video_mp4&qs=0&rc=PDM0ZGQ7Z2VoZTg2ZDtkOUBpMzZoZDw6ZmdmajMzNzczM0A1NTVhY2FjNi8xXmAxYi9hYSMtNW5jcjRnam1gLS1kMTZzcw%3D%3D&expire=1682038708&l=20230420185756E591EDBA188C79198315&ply_type=2&policy=2&signature=fdbea319dfbc63c8281d5ab51c34bd77&tk=tt_chain_token","32","mp4","1024","https://p16-sign-va.tiktokcdn.com/obj/tos-maliva-p-0068/owDRT2IySoWrO6nkBQbAeeAJAsED5p82BsMkyE?x-expires=1682035200&x-signature=F3cGA7LpWDOY1EEflYqa13B8pzE%3D","https://v16-webapp-prime.us.tiktok.com/video/tos/useast2a/tos-useast2a-ve-0068c002/oIBxDhDEIBQk2BMbryeJysIkA6sTrEAenBsRQS/?a=1988&ch=0&cr=0&dr=0&lr=tiktok_m&cd=0%7C0%7C1%7C0&cv=1&br=904&bt=452&cs=0&ds=3&ft=_rKBMBAkq8ZmoaZv6c_vj~A_sAhLrus&mime_type=video_mp4&qs=0&rc=PDM0ZGQ7Z2VoZTg2ZDtkOUBpMzZoZDw6ZmdmajMzNzczM0A1NTVhY2FjNi8xXmAxYi9hYSMtNW5jcjRnam1gLS1kMTZzcw%3D%3D&expire=1682038708&l=20230420185756E591EDBA188C79198315&ply_type=2&policy=2&signature=fdbea319dfbc63c8281d5ab51c34bd77&tk=tt_chain_token","576","https://www.tiktok.com/@wawerushiks1/video/7220057032303316229"
